Season,Slot,StrongSeed,WeakSeed,StrTeamID,WkTeamID,StrTeamName,WkTeamName
1985,R1W1,W01,W16,1207,1250,Georgetown,Lehigh
1985,R1W2,W02,W15,1210,1273,Georgia Tech,Mercer
1985,R1W3,W03,W14,1228,1318,Illinois,Northeastern
1985,R1W4,W04,W13,1260,1233,Loyola-Chicago,Iona
1985,R1W5,W05,W12,1374,1330,SMU,Old Dominion
1985,R1W6,W06,W11,1208,1455,Georgia,Wichita St
1985,R1W7,W07,W10,1393,1177,Syracuse,DePaul
1985,R1W8,W08,W09,1396,1439,Temple,Virginia Tech
1985,R1X1,X01,X16,1385,1380,St John's,Southern Univ
1985,R1X2,X02,X15,1433,1267,VCU,Marshall
1985,R1X3,X03,X14,1301,1305,NC State,Nevada
1985,R1X4,X04,X13,1424,1361,UNLV,San Diego St
1985,R1X5,X05,X12,1449,1246,Washington,Kentucky
1985,R1X6,X06,X11,1409,1431,Tulsa,UTEP
1985,R1X7,X07,X10,1104,1112,Alabama,Arizona
1985,R1X8,X08,X09,1234,1116,Iowa,Arkansas
1985,R1Y1,Y01,Y16,1328,1299,Oklahoma,NC A&T
1985,R1Y2,Y02,Y15,1272,1335,Memphis,Penn
1985,R1Y3,Y03,Y14,1181,1337,Duke,Pepperdine
1985,R1Y4,Y04,Y13,1326,1235,Ohio St,Iowa St
1985,R1Y5,Y05,Y12,1256,1338,Louisiana Tech,Pittsburgh
1985,R1Y6,Y06,Y11,1403,1130,Texas Tech,Boston College
1985,R1Y7,Y07,Y10,1412,1277,UAB,Michigan St
1985,R1Y8,Y08,Y09,1425,1229,USC,Illinois St
1985,R1Z1,Z01,Z16,1276,1192,Michigan,F Dickinson
1985,R1Z2,Z02,Z15,1314,1292,North Carolina,MTSU
1985,R1Z3,Z03,Z14,1242,1325,Kansas,Ohio
1985,R1Z4,Z04,Z13,1261,1298,LSU,Navy
1985,R1Z5,Z05,Z12,1268,1275,Maryland,Miami OH
1985,R1Z6,Z06,Z11,1345,1120,Purdue,Auburn
1985,R1Z7,Z07,Z10,1323,1333,Notre Dame,Oregon St
1985,R1Z8,Z08,Z09,1437,1173,Villanova,Dayton
1986,R1W1,W01,W16,1181,1290,Duke,MS Valley St
1986,R1W2,W02,W15,1393,1135,Syracuse,Brown
1986,R1W3,W03,W14,1231,1156,Indiana,Cleveland St
1986,R1W4,W04,W13,1328,1318,Oklahoma,Northeastern
1986,R1W5,W05,W12,1438,1177,Virginia,DePaul
1986,R1W6,W06,W11,1386,1350,St Joseph's PA,Richmond
1986,R1W7,W07,W10,1298,1409,Navy,Tulsa
1986,R1W8,W08,W09,1330,1452,Old Dominion,West Virginia
1986,R1X1,X01,X16,1242,1299,Kansas,NC A&T
1986,R1X2,X02,X15,1276,1103,Michigan,Akron
1986,R1X3,X03,X14,1323,1114,Notre Dame,Ark Little Rock
1986,R1X4,X04,X13,1207,1403,Georgetown,Texas Tech
1986,R1X5,X05,X12,1277,1449,Michigan St,Washington
1986,R1X6,X06,X11,1301,1234,NC State,Iowa
1986,R1X7,X07,X10,1235,1275,Iowa St,Miami OH
1986,R1X8,X08,X09,1239,1396,Jacksonville,Temple
1986,R1Y1,Y01,Y16,1246,1172,Kentucky,Davidson
1986,R1Y2,Y02,Y15,1210,1265,Georgia Tech,Marist
1986,R1Y3,Y03,Y14,1272,1123,Memphis,Ball St
1986,R1Y4,Y04,Y13,1228,1193,Illinois,Fairfield
1986,R1Y5,Y05,Y12,1104,1462,Alabama,Xavier
1986,R1Y6,Y06,Y11,1345,1261,Purdue,LSU
1986,R1Y7,Y07,Y10,1439,1437,Virginia Tech,Villanova
1986,R1Y8,Y08,Y09,1443,1304,WKU,Nebraska
1986,R1Z1,Z01,Z16,1385,1286,St John's,Montana St
1986,R1Z2,Z02,Z15,1257,1180,Louisville,Drexel
1986,R1Z3,Z03,Z14,1314,1428,North Carolina,Utah
1986,R1Z4,Z04,Z13,1424,1419,UNLV,ULM
1986,R1Z5,Z05,Z12,1268,1337,Maryland,Pepperdine
1986,R1Z6,Z06,Z11,1412,1281,UAB,Missouri
1986,R1Z7,Z07,Z10,1133,1431,Bradley,UTEP
1986,R1Z8,Z08,Z09,1120,1112,Auburn,Arizona
1987,R1W1,W01,W16,1314,1335,North Carolina,Penn
1987,R1W2,W02,W15,1393,1204,Syracuse,Ga Southern
1987,R1W3,W03,W14,1345,1318,Purdue,Northeastern
1987,R1W4,W04,W13,1395,1267,TCU,Marshall
1987,R1W5,W05,W12,1323,1292,Notre Dame,MTSU
1987,R1W6,W06,W11,1196,1301,Florida,NC State
1987,R1W7,W07,W10,1452,1443,West Virginia,WKU
1987,R1W8,W08,W09,1298,1276,Navy,Michigan
1987,R1X1,X01,X16,1207,1137,Georgetown,Bucknell
1987,R1X2,X02,X15,1104,1299,Alabama,NC A&T
1987,R1X3,X03,X14,1228,1122,Illinois,Austin Peay
1987,R1X4,X04,X13,1155,1283,Clemson,Missouri St
1987,R1X5,X05,X12,1242,1222,Kansas,Houston
1987,R1X6,X06,X11,1344,1412,Providence,UAB
1987,R1X7,X07,X10,1309,1140,New Orleans,BYU
1987,R1X8,X08,X09,1246,1326,Kentucky,Ohio St
1987,R1Y1,Y01,Y16,1231,1193,Indiana,Fairfield
1987,R1Y2,Y02,Y15,1396,1380,Temple,Southern Univ
1987,R1Y3,Y03,Y14,1177,1256,DePaul,Louisiana Tech
1987,R1Y4,Y04,Y13,1281,1462,Missouri,Xavier
1987,R1Y5,Y05,Y12,1181,1401,Duke,Texas A&M
1987,R1Y6,Y06,Y11,1385,1455,St John's,Wichita St
1987,R1Y7,Y07,Y10,1210,1261,Georgia Tech,LSU
1987,R1Y8,Y08,Y09,1120,1360,Auburn,San Diego
1987,R1Z1,Z01,Z16,1424,1226,UNLV,Idaho St
1987,R1Z2,Z02,Z15,1234,1365,Iowa,Santa Clara
1987,R1Z3,Z03,Z14,1338,1265,Pittsburgh,Marist
1987,R1Z4,Z04,Z13,1417,1141,UCLA,C Michigan
1987,R1Z5,Z05,Z12,1438,1461,Virginia,Wyoming
1987,R1Z6,Z06,Z11,1328,1409,Oklahoma,Tulsa
1987,R1Z7,Z07,Z10,1431,1112,UTEP,Arizona
1987,R1Z8,Z08,Z09,1208,1243,Georgia,Kansas St
1988,R1W1,W01,W16,1396,1250,Temple,Lehigh
1988,R1W2,W02,W15,1181,1131,Duke,Boston Univ
1988,R1W3,W03,W14,1393,1299,Syracuse,NC A&T
1988,R1W4,W04,W13,1231,1350,Indiana,Richmond
1988,R1W5,W05,W12,1210,1235,Georgia Tech,Iowa St
1988,R1W6,W06,W11,1281,1348,Missouri,Rhode Island
1988,R1W7,W07,W10,1374,1323,SMU,Notre Dame
1988,R1W8,W08,W09,1207,1261,Georgetown,LSU
1988,R1X1,X01,X16,1345,1192,Purdue,F Dickinson
1988,R1X2,X02,X15,1338,1185,Pittsburgh,E Michigan
1988,R1X3,X03,X14,1301,1293,NC State,Murray St
1988,R1X4,X04,X13,1243,1247,Kansas St,La Salle
1988,R1X5,X05,X12,1177,1455,DePaul,Wichita St
1988,R1X6,X06,X11,1242,1462,Kansas,Xavier
1988,R1X7,X07,X10,1435,1429,Vanderbilt,Utah St
1988,R1X8,X08,X09,1124,1272,Baylor,Memphis
1988,R1Y1,Y01,Y16,1328,1151,Oklahoma,Chattanooga
1988,R1Y2,Y02,Y15,1246,1380,Kentucky,Southern Univ
1988,R1Y3,Y03,Y14,1228,1427,Illinois,UT San Antonio
1988,R1Y4,Y04,Y13,1140,1150,BYU,Charlotte
1988,R1Y5,Y05,Y12,1257,1333,Louisville,Oregon St
1988,R1Y6,Y06,Y11,1437,1116,Villanova,Arkansas
1988,R1Y7,Y07,Y10,1268,1364,Maryland,UC Santa Barbara
1988,R1Y8,Y08,Y09,1120,1133,Auburn,Bradley
1988,R1Z1,Z01,Z16,1112,1165,Arizona,Cornell
1988,R1Z2,Z02,Z15,1314,1317,North Carolina,North Texas
1988,R1Z3,Z03,Z14,1276,1129,Michigan,Boise St
1988,R1Z4,Z04,Z13,1424,1283,UNLV,Missouri St
1988,R1Z5,Z05,Z12,1234,1199,Iowa,Florida St
1988,R1Z6,Z06,Z11,1196,1385,Florida,St John's
1988,R1Z7,Z07,Z10,1461,1258,Wyoming,Loy Marymount
1988,R1Z8,Z08,Z09,1371,1431,Seton Hall,UTEP
1989,R1W1,W01,W16,1207,1343,Georgetown,Princeton
1989,R1W2,W02,W15,1181,1354,Duke,S Carolina St
1989,R1W3,W03,W14,1390,1373,Stanford,Siena
1989,R1W4,W04,W13,1234,1353,Iowa,Rutgers
1989,R1W5,W05,W12,1301,1376,NC State,South Carolina
1989,R1W6,W06,W11,1243,1278,Kansas St,Minnesota
1989,R1W7,W07,W10,1452,1397,West Virginia,Tennessee
1989,R1W8,W08,W09,1435,1323,Vanderbilt,Notre Dame
1989,R1X1,X01,X16,1112,1352,Arizona,Robert Morris
1989,R1X2,X02,X15,1231,1206,Indiana,George Mason
1989,R1X3,X03,X14,1371,1283,Seton Hall,Missouri St
1989,R1X4,X04,X13,1424,1225,UNLV,Idaho
1989,R1X5,X05,X12,1272,1177,Memphis,DePaul
1989,R1X6,X06,X11,1333,1191,Oregon St,Evansville
1989,R1X7,X07,X10,1431,1261,UTEP,LSU
1989,R1X8,X08,X09,1388,1155,St Mary's CA,Clemson
1989,R1Y1,Y01,Y16,1228,1270,Illinois,McNeese St
1989,R1Y2,Y02,Y15,1393,1137,Syracuse,Bucknell
1989,R1Y3,Y03,Y14,1281,1166,Missouri,Creighton
1989,R1Y4,Y04,Y13,1257,1114,Louisville,Ark Little Rock
1989,R1Y5,Y05,Y12,1116,1258,Arkansas,Loy Marymount
1989,R1Y6,Y06,Y11,1210,1400,Georgia Tech,Texas
1989,R1Y7,Y07,Y10,1196,1161,Florida,Colorado St
1989,R1Y8,Y08,Y09,1338,1123,Pittsburgh,Ball St
1989,R1Z1,Z01,Z16,1328,1190,Oklahoma,ETSU
1989,R1Z2,Z02,Z15,1314,1380,North Carolina,Southern Univ
1989,R1Z3,Z03,Z14,1276,1462,Michigan,Xavier
1989,R1Z4,Z04,Z13,1199,1292,Florida St,MTSU
1989,R1Z5,Z05,Z12,1438,1344,Virginia,Providence
1989,R1Z6,Z06,Z11,1104,1375,Alabama,South Alabama
1989,R1Z7,Z07,Z10,1417,1235,UCLA,Iowa St
1989,R1Z8,Z08,Z09,1247,1256,La Salle,Louisiana Tech
1990,R1W1,W01,W16,1163,1131,Connecticut,Boston Univ
1990,R1W2,W02,W15,1242,1352,Kansas,Robert Morris
1990,R1W3,W03,W14,1181,1350,Duke,Richmond
1990,R1W4,W04,W13,1247,1379,La Salle,Southern Miss
1990,R1W5,W05,W12,1155,1140,Clemson,BYU
1990,R1W6,W06,W11,1385,1396,St John's,Temple
1990,R1W7,W07,W10,1417,1412,UCLA,UAB
1990,R1W8,W08,W09,1231,1143,Indiana,California
1990,R1X1,X01,X16,1328,1406,Oklahoma,Towson
1990,R1X2,X02,X15,1345,1419,Purdue,ULM
1990,R1X3,X03,X14,1207,1411,Georgetown,TX Southern
1990,R1X4,X04,X13,1116,1343,Arkansas,Princeton
1990,R1X5,X05,X12,1228,1173,Illinois,Dayton
1990,R1X6,X06,X11,1462,1243,Xavier,Kansas St
1990,R1X7,X07,X10,1208,1400,Georgia,Texas
1990,R1X8,X08,X09,1314,1283,North Carolina,Missouri St
1990,R1Y1,Y01,Y16,1277,1293,Michigan St,Murray St
1990,R1Y2,Y02,Y15,1393,1164,Syracuse,Coppin St
1990,R1Y3,Y03,Y14,1281,1320,Missouri,Northern Iowa
1990,R1Y4,Y04,Y13,1210,1190,Georgia Tech,ETSU
1990,R1Y5,Y05,Y12,1261,1437,LSU,Villanova
1990,R1Y6,Y06,Y11,1278,1431,Minnesota,UTEP
1990,R1Y7,Y07,Y10,1438,1323,Virginia,Notre Dame
1990,R1Y8,Y08,Y09,1222,1364,Houston,UC Santa Barbara
1990,R1Z1,Z01,Z16,1424,1114,UNLV,Ark Little Rock
1990,R1Z2,Z02,Z15,1112,1378,Arizona,South Florida
1990,R1Z3,Z03,Z14,1276,1229,Michigan,Illinois St
1990,R1Z4,Z04,Z13,1257,1225,Louisville,Idaho
1990,R1Z5,Z05,Z12,1333,1123,Oregon St,Ball St
1990,R1Z6,Z06,Z11,1308,1258,New Mexico St,Loy Marymount
1990,R1Z7,Z07,Z10,1104,1161,Alabama,Colorado St
1990,R1Z8,Z08,Z09,1326,1344,Ohio St,Providence
1991,R1W1,W01,W16,1314,1318,North Carolina,Northeastern
1991,R1W2,W02,W15,1393,1350,Syracuse,Richmond
1991,R1W3,W03,W14,1329,1307,Oklahoma St,New Mexico
1991,R1W4,W04,W13,1417,1336,UCLA,Penn St
1991,R1W5,W05,W12,1280,1185,Mississippi St,E Michigan
1991,R1W6,W06,W11,1301,1379,NC State,Southern Miss
1991,R1W7,W07,W10,1345,1396,Purdue,Temple
1991,R1W8,W08,W09,1343,1437,Princeton,Villanova
1991,R1X1,X01,X16,1116,1209,Arkansas,Georgia St
1991,R1X2,X02,X15,1231,1157,Indiana,Coastal Car
1991,R1X3,X03,X14,1242,1309,Kansas,New Orleans
1991,R1X4,X04,X13,1104,1293,Alabama,Murray St
1991,R1X5,X05,X12,1448,1256,Wake Forest,Louisiana Tech
1991,R1X6,X06,X11,1338,1208,Pittsburgh,Georgia
1991,R1X7,X07,X10,1199,1425,Florida St,USC
1991,R1X8,X08,X09,1113,1353,Arizona St,Rutgers
1991,R1Y1,Y01,Y16,1326,1406,Ohio St,Towson
1991,R1Y2,Y02,Y15,1181,1419,Duke,ULM
1991,R1Y3,Y03,Y14,1304,1462,Nebraska,Xavier
1991,R1Y4,Y04,Y13,1385,1296,St John's,N Illinois
1991,R1Y5,Y05,Y12,1400,1389,Texas,St Peter's
1991,R1Y6,Y06,Y11,1261,1163,LSU,Connecticut
1991,R1Y7,Y07,Y10,1234,1190,Iowa,ETSU
1991,R1Y8,Y08,Y09,1210,1177,Georgia Tech,DePaul
1991,R1Z1,Z01,Z16,1424,1285,UNLV,Montana
1991,R1Z2,Z02,Z15,1112,1384,Arizona,St Francis PA
1991,R1Z3,Z03,Z14,1371,1337,Seton Hall,Pepperdine
1991,R1Z4,Z04,Z13,1428,1375,Utah,South Alabama
1991,R1Z5,Z05,Z12,1277,1453,Michigan St,WI Green Bay
1991,R1Z6,Z06,Z11,1308,1166,New Mexico St,Creighton
1991,R1Z7,Z07,Z10,1438,1140,Virginia,BYU
1991,R1Z8,Z08,Z09,1207,1435,Georgetown,Vanderbilt
1992,R1W1,W01,W16,1181,1144,Duke,Campbell
1992,R1W2,W02,W15,1246,1330,Kentucky,Old Dominion
1992,R1W3,W03,W14,1269,1200,Massachusetts,Fordham
1992,R1W4,W04,W13,1371,1247,Seton Hall,La Salle
1992,R1W5,W05,W12,1281,1452,Missouri,West Virginia
1992,R1W6,W06,W11,1393,1343,Syracuse,Princeton
1992,R1W7,W07,W10,1150,1235,Charlotte,Iowa St
1992,R1W8,W08,W09,1400,1234,Texas,Iowa
1992,R1X1,X01,X16,1417,1352,UCLA,Robert Morris
1992,R1X2,X02,X15,1231,1183,Indiana,E Illinois
1992,R1X3,X03,X14,1199,1285,Florida St,Montana
1992,R1X4,X04,X13,1328,1418,Oklahoma,Louisiana
1992,R1X5,X05,X12,1177,1308,DePaul,New Mexico St
1992,R1X6,X06,X11,1207,1378,Georgetown,South Florida
1992,R1X7,X07,X10,1261,1140,LSU,BYU
1992,R1X8,X08,X09,1257,1448,Louisville,Wake Forest
1992,R1Y1,Y01,Y16,1242,1224,Kansas,Howard
1992,R1Y2,Y02,Y15,1425,1419,USC,ULM
1992,R1Y3,Y03,Y14,1116,1293,Arkansas,Murray St
1992,R1Y4,Y04,Y13,1153,1174,Cincinnati,Delaware
1992,R1Y5,Y05,Y12,1277,1283,Michigan St,Missouri St
1992,R1Y6,Y06,Y11,1272,1337,Memphis,Pepperdine
1992,R1Y7,Y07,Y10,1210,1222,Georgia Tech,Houston
1992,R1Y8,Y08,Y09,1191,1431,Evansville,UTEP
1992,R1Z1,Z01,Z16,1326,1290,Ohio St,MS Valley St
1992,R1Z2,Z02,Z15,1329,1204,Oklahoma St,Ga Southern
1992,R1Z3,Z03,Z14,1112,1190,Arizona,ETSU
1992,R1Z4,Z04,Z13,1314,1275,North Carolina,Miami OH
1992,R1Z5,Z05,Z12,1104,1390,Alabama,Stanford
1992,R1Z6,Z06,Z11,1276,1396,Michigan,Temple
1992,R1Z7,Z07,Z10,1385,1408,St John's,Tulane
1992,R1Z8,Z08,Z09,1304,1163,Nebraska,Connecticut
1993,R1W1,W01,W16,1314,1187,North Carolina,East Carolina
1993,R1W2,W02,W15,1153,1164,Cincinnati,Coppin St
1993,R1W3,W03,W14,1269,1335,Massachusetts,Penn
1993,R1W4,W04,W13,1116,1221,Arkansas,Holy Cross
1993,R1W5,W05,W12,1385,1403,St John's,Texas Tech
1993,R1W6,W06,W11,1438,1264,Virginia,Manhattan
1993,R1W7,W07,W10,1308,1304,New Mexico St,Nebraska
1993,R1W8,W08,W09,1348,1345,Rhode Island,Purdue
1993,R1X1,X01,X16,1231,1460,Indiana,Wright St
1993,R1X2,X02,X15,1242,1123,Kansas,Ball St
1993,R1X3,X03,X14,1181,1356,Duke,S Illinois
1993,R1X4,X04,X13,1257,1174,Louisville,Delaware
1993,R1X5,X05,X12,1329,1266,Oklahoma St,Marquette
1993,R1X6,X06,X11,1143,1261,California,LSU
1993,R1X7,X07,X10,1140,1374,BYU,SMU
1993,R1X8,X08,X09,1309,1462,New Orleans,Xavier
1993,R1Y1,Y01,Y16,1246,1351,Kentucky,Rider
1993,R1Y2,Y02,Y15,1371,1398,Seton Hall,Tennessee St
1993,R1Y3,Y03,Y14,1199,1191,Florida St,Evansville
1993,R1Y4,Y04,Y13,1234,1419,Iowa,ULM
1993,R1Y5,Y05,Y12,1448,1151,Wake Forest,Chattanooga
1993,R1Y6,Y06,Y11,1243,1408,Kansas St,Tulane
1993,R1Y7,Y07,Y10,1443,1272,WKU,Memphis
1993,R1Y8,Y08,Y09,1428,1338,Utah,Pittsburgh
1993,R1Z1,Z01,Z16,1276,1157,Michigan,Coastal Car
1993,R1Z2,Z02,Z15,1112,1365,Arizona,Santa Clara
1993,R1Z3,Z03,Z14,1435,1129,Vanderbilt,Boise St
1993,R1Z4,Z04,Z13,1210,1380,Georgia Tech,Southern Univ
1993,R1Z5,Z05,Z12,1307,1203,New Mexico,G Washington
1993,R1Z6,Z06,Z11,1228,1253,Illinois,Long Beach St
1993,R1Z7,Z07,Z10,1396,1281,Temple,Missouri
1993,R1Z8,Z08,Z09,1235,1417,Iowa St,UCLA
1994,R1W1,W01,W16,1314,1251,North Carolina,Liberty
1994,R1W2,W02,W15,1163,1351,Connecticut,Rider
1994,R1W3,W03,W14,1196,1241,Florida,James Madison
1994,R1W4,W04,W13,1396,1180,Temple,Drexel
1994,R1W5,W05,W12,1231,1325,Indiana,Ohio
1994,R1W6,W06,W11,1304,1335,Nebraska,Penn
1994,R1W7,W07,W10,1412,1203,UAB,G Washington
1994,R1W8,W08,W09,1450,1130,Washington St,Boston College
1994,R1X1,X01,X16,1345,1416,Purdue,UCF
1994,R1X2,X02,X15,1181,1411,Duke,TX Southern
1994,R1X3,X03,X14,1246,1398,Kentucky,Tennessee St
1994,R1X4,X04,X13,1242,1151,Kansas,Chattanooga
1994,R1X5,X05,X12,1448,1158,Wake Forest,Col Charleston
1994,R1X6,X06,X11,1266,1418,Marquette,Louisiana
1994,R1X7,X07,X10,1277,1371,Michigan St,Seton Hall
1994,R1X8,X08,X09,1344,1104,Providence,Alabama
1994,R1Y1,Y01,Y16,1116,1299,Arkansas,NC A&T
1994,R1Y2,Y02,Y15,1269,1402,Massachusetts,Texas St
1994,R1Y3,Y03,Y14,1276,1337,Michigan,Pepperdine
1994,R1Y4,Y04,Y13,1329,1308,Oklahoma St,New Mexico St
1994,R1Y5,Y05,Y12,1417,1409,UCLA,Tulsa
1994,R1Y6,Y06,Y11,1400,1443,Texas,WKU
1994,R1Y7,Y07,Y10,1387,1268,St Louis,Maryland
1994,R1Y8,Y08,Y09,1228,1207,Illinois,Georgetown
1994,R1Z1,Z01,Z16,1281,1298,Missouri,Navy
1994,R1Z2,Z02,Z15,1112,1259,Arizona,Loyola MD
1994,R1Z3,Z03,Z14,1257,1129,Louisville,Boise St
1994,R1Z4,Z04,Z13,1393,1218,Syracuse,Hawaii
1994,R1Z5,Z05,Z12,1143,1453,California,WI Green Bay
1994,R1Z6,Z06,Z11,1278,1356,Minnesota,S Illinois
1994,R1Z7,Z07,Z10,1438,1307,Virginia,New Mexico
1994,R1Z8,Z08,Z09,1153,1458,Cincinnati,Wisconsin
1995,R1W1,W01,W16,1448,1299,Wake Forest,NC A&T
1995,R1W2,W02,W15,1269,1389,Massachusetts,St Peter's
1995,R1W3,W03,W14,1437,1330,Villanova,Old Dominion
1995,R1W4,W04,W13,1329,1180,Oklahoma St,Drexel
1995,R1W5,W05,W12,1104,1335,Alabama,Penn
1995,R1W6,W06,W11,1409,1228,Tulsa,Illinois
1995,R1W7,W07,W10,1150,1390,Charlotte,Stanford
1995,R1W8,W08,W09,1278,1387,Minnesota,St Louis
1995,R1X1,X01,X16,1417,1198,UCLA,Florida Intl
1995,R1X2,X02,X15,1163,1151,Connecticut,Chattanooga
1995,R1X3,X03,X14,1268,1211,Maryland,Gonzaga
1995,R1X4,X04,X13,1428,1253,Utah,Long Beach St
1995,R1X5,X05,X12,1280,1365,Mississippi St,Santa Clara
1995,R1X6,X06,X11,1332,1400,Oregon,Texas
1995,R1X7,X07,X10,1153,1396,Cincinnati,Temple
1995,R1X8,X08,X09,1281,1231,Missouri,Indiana
1995,R1Y1,Y01,Y16,1242,1159,Kansas,Colgate
1995,R1Y2,Y02,Y15,1116,1411,Arkansas,TX Southern
1995,R1Y3,Y03,Y14,1345,1453,Purdue,WI Green Bay
1995,R1Y4,Y04,Y13,1438,1311,Virginia,Nicholls St
1995,R1Y5,Y05,Y12,1112,1275,Arizona,Miami OH
1995,R1Y6,Y06,Y11,1272,1257,Memphis,Louisville
1995,R1Y7,Y07,Y10,1393,1356,Syracuse,S Illinois
1995,R1Y8,Y08,Y09,1443,1276,WKU,Michigan
1995,R1Z1,Z01,Z16,1246,1291,Kentucky,Mt St Mary's
1995,R1Z2,Z02,Z15,1314,1293,North Carolina,Murray St
1995,R1Z3,Z03,Z14,1277,1451,Michigan St,Weber St
1995,R1Z4,Z04,Z13,1328,1264,Oklahoma,Manhattan
1995,R1Z5,Z05,Z12,1113,1123,Arizona St,Ball St
1995,R1Z6,Z06,Z11,1207,1462,Georgetown,Xavier
1995,R1Z7,Z07,Z10,1235,1196,Iowa St,Florida
1995,R1Z8,Z08,Z09,1140,1408,BYU,Tulane
1996,R1W1,W01,W16,1269,1416,Massachusetts,UCF
1996,R1W2,W02,W15,1207,1290,Georgetown,MS Valley St
1996,R1W3,W03,W14,1403,1296,Texas Tech,N Illinois
1996,R1W4,W04,W13,1266,1284,Marquette,Monmouth NJ
1996,R1W5,W05,W12,1336,1116,Penn St,Arkansas
1996,R1W6,W06,W11,1314,1309,North Carolina,New Orleans
1996,R1W7,W07,W10,1307,1243,New Mexico,Kansas St
1996,R1W8,W08,W09,1133,1390,Bradley,Stanford
1996,R1X1,X01,X16,1246,1363,Kentucky,San Jose St
1996,R1X2,X02,X15,1448,1419,Wake Forest,ULM
1996,R1X3,X03,X14,1437,1339,Villanova,Portland
1996,R1X4,X04,X13,1428,1145,Utah,Canisius
1996,R1X5,X05,X12,1235,1143,Iowa St,California
1996,R1X6,X06,X11,1257,1409,Louisville,Tulsa
1996,R1X7,X07,X10,1276,1400,Michigan,Texas
1996,R1X8,X08,X09,1453,1439,WI Green Bay,Virginia Tech
1996,R1Y1,Y01,Y16,1163,1159,Connecticut,Colgate
1996,R1Y2,Y02,Y15,1153,1422,Cincinnati,UNC Greensboro
1996,R1Y3,Y03,Y14,1210,1122,Georgia Tech,Austin Peay
1996,R1Y4,Y04,Y13,1417,1343,UCLA,Princeton
1996,R1Y5,Y05,Y12,1280,1433,Mississippi St,VCU
1996,R1Y6,Y06,Y11,1231,1130,Indiana,Boston College
1996,R1Y7,Y07,Y10,1396,1328,Temple,Oklahoma
1996,R1Y8,Y08,Y09,1181,1185,Duke,E Michigan
1996,R1Z1,Z01,Z16,1345,1441,Purdue,W Carolina
1996,R1Z2,Z02,Z15,1242,1354,Kansas,S Carolina St
1996,R1Z3,Z03,Z14,1112,1434,Arizona,Valparaiso
1996,R1Z4,Z04,Z13,1393,1286,Syracuse,Montana St
1996,R1Z5,Z05,Z12,1272,1180,Memphis,Drexel
1996,R1Z6,Z06,Z11,1234,1203,Iowa,G Washington
1996,R1Z7,Z07,Z10,1268,1365,Maryland,Santa Clara
1996,R1Z8,Z08,Z09,1208,1155,Georgia,Clemson
1997,R1W1,W01,W16,1314,1193,North Carolina,Fairfield
1997,R1W2,W02,W15,1376,1164,South Carolina,Coppin St
1997,R1W3,W03,W14,1307,1330,New Mexico,Old Dominion
1997,R1W4,W04,W13,1437,1254,Villanova,LIU Brooklyn
1997,R1W5,W05,W12,1143,1343,California,Princeton
1997,R1W6,W06,W11,1257,1269,Louisville,Massachusetts
1997,R1W7,W07,W10,1458,1400,Wisconsin,Texas
1997,R1W8,W08,W09,1231,1160,Indiana,Colorado
1997,R1X1,X01,X16,1242,1238,Kansas,Jackson St
1997,R1X2,X02,X15,1181,1293,Duke,Murray St
1997,R1X3,X03,X14,1208,1151,Georgia,Chattanooga
1997,R1X4,X04,X13,1112,1375,Arizona,South Alabama
1997,R1X5,X05,X12,1268,1158,Maryland,Col Charleston
1997,R1X6,X06,X11,1228,1425,Illinois,USC
1997,R1X7,X07,X10,1266,1344,Marquette,Providence
1997,R1X8,X08,X09,1345,1348,Purdue,Rhode Island
1997,R1Y1,Y01,Y16,1278,1402,Minnesota,Texas St
1997,R1Y2,Y02,Y15,1417,1149,UCLA,Charleston So
1997,R1Y3,Y03,Y14,1153,1139,Cincinnati,Butler
1997,R1Y4,Y04,Y13,1155,1275,Clemson,Miami OH
1997,R1Y5,Y05,Y12,1409,1131,Tulsa,Boston Univ
1997,R1Y6,Y06,Y11,1235,1229,Iowa St,Illinois St
1997,R1Y7,Y07,Y10,1462,1435,Xavier,Vanderbilt
1997,R1Y8,Y08,Y09,1279,1396,Mississippi,Temple
1997,R1Z1,Z01,Z16,1246,1285,Kentucky,Montana
1997,R1Z2,Z02,Z15,1428,1298,Utah,Navy
1997,R1Z3,Z03,Z14,1448,1388,Wake Forest,St Mary's CA
1997,R1Z4,Z04,Z13,1386,1334,St Joseph's PA,Pacific
1997,R1Z5,Z05,Z12,1130,1434,Boston College,Valparaiso
1997,R1Z6,Z06,Z11,1390,1328,Stanford,Oklahoma
1997,R1Z7,Z07,Z10,1150,1207,Charlotte,Georgetown
1997,R1Z8,Z08,Z09,1234,1438,Iowa,Virginia
1998,R1W1,W01,W16,1314,1298,North Carolina,Navy
1998,R1W2,W02,W15,1163,1192,Connecticut,F Dickinson
1998,R1W3,W03,W14,1376,1350,South Carolina,Richmond
1998,R1W4,W04,W13,1277,1185,Michigan St,E Michigan
1998,R1W5,W05,W12,1343,1424,Princeton,UNLV
1998,R1W6,W06,W11,1462,1449,Xavier,Washington
1998,R1W7,W07,W10,1231,1328,Indiana,Oklahoma
1998,R1W8,W08,W09,1150,1227,Charlotte,IL Chicago
1998,R1X1,X01,X16,1112,1311,Arizona,Nicholls St
1998,R1X2,X02,X15,1153,1319,Cincinnati,Northern Arizona
1998,R1X3,X03,X14,1428,1362,Utah,San Francisco
1998,R1X4,X04,X13,1268,1429,Maryland,Utah St
1998,R1X5,X05,X12,1228,1375,Illinois,South Alabama
1998,R1X6,X06,X11,1116,1304,Arkansas,Nebraska
1998,R1X7,X07,X10,1396,1452,Temple,West Virginia
1998,R1X8,X08,X09,1397,1229,Tennessee,Illinois St
1998,R1Y1,Y01,Y16,1242,1341,Kansas,Prairie View
1998,R1Y2,Y02,Y15,1345,1174,Purdue,Delaware
1998,R1Y3,Y03,Y14,1390,1158,Stanford,Col Charleston
1998,R1Y4,Y04,Y13,1279,1434,Mississippi,Valparaiso
1998,R1Y5,Y05,Y12,1395,1199,TCU,Florida St
1998,R1Y6,Y06,Y11,1155,1444,Clemson,W Michigan
1998,R1Y7,Y07,Y10,1385,1178,St John's,Detroit
1998,R1Y8,Y08,Y09,1348,1293,Rhode Island,Murray St
1998,R1Z1,Z01,Z16,1181,1347,Duke,Radford
1998,R1Z2,Z02,Z15,1246,1354,Kentucky,S Carolina St
1998,R1Z3,Z03,Z14,1276,1172,Michigan,Davidson
1998,R1Z4,Z04,Z13,1307,1139,New Mexico,Butler
1998,R1Z5,Z05,Z12,1393,1233,Syracuse,Iona
1998,R1Z6,Z06,Z11,1417,1274,UCLA,Miami FL
1998,R1Z7,Z07,Z10,1269,1387,Massachusetts,St Louis
1998,R1Z8,Z08,Z09,1329,1203,Oklahoma St,G Washington
1999,R1W1,W01,W16,1181,1197,Duke,Florida A&M
1999,R1W2,W02,W15,1274,1248,Miami FL,Lafayette
1999,R1W3,W03,W14,1153,1206,Cincinnati,George Mason
1999,R1W4,W04,W13,1397,1174,Tennessee,Delaware
1999,R1W5,W05,W12,1458,1283,Wisconsin,Missouri St
1999,R1W6,W06,W11,1396,1245,Temple,Kent
1999,R1W7,W07,W10,1400,1345,Texas,Purdue
1999,R1W8,W08,W09,1158,1409,Col Charleston,Tulsa
1999,R1X1,X01,X16,1277,1291,Michigan St,Mt St Mary's
1999,R1X2,X02,X15,1428,1117,Utah,Arkansas St
1999,R1X3,X03,X14,1246,1308,Kentucky,New Mexico St
1999,R1X4,X04,X13,1112,1328,Arizona,Oklahoma
1999,R1X5,X05,X12,1150,1348,Charlotte,Rhode Island
1999,R1X6,X06,X11,1242,1191,Kansas,Evansville
1999,R1X7,X07,X10,1449,1275,Washington,Miami OH
1999,R1X8,X08,X09,1437,1279,Villanova,Mississippi
1999,R1Y1,Y01,Y16,1120,1457,Auburn,Winthrop
1999,R1Y2,Y02,Y15,1268,1434,Maryland,Valparaiso
1999,R1Y3,Y03,Y14,1385,1359,St John's,Samford
1999,R1Y4,Y04,Y13,1326,1293,Ohio St,Murray St
1999,R1Y5,Y05,Y12,1417,1178,UCLA,Detroit
1999,R1Y6,Y06,Y11,1231,1203,Indiana,G Washington
1999,R1Y7,Y07,Y10,1257,1166,Louisville,Creighton
1999,R1Y8,Y08,Y09,1393,1329,Syracuse,Oklahoma St
1999,R1Z1,Z01,Z16,1163,1427,Connecticut,UT San Antonio
1999,R1Z2,Z02,Z15,1390,1108,Stanford,Alcorn St
1999,R1Z3,Z03,Z14,1314,1451,North Carolina,Weber St
1999,R1Z4,Z04,Z13,1116,1373,Arkansas,Siena
1999,R1Z5,Z05,Z12,1234,1412,Iowa,UAB
1999,R1Z6,Z06,Z11,1196,1335,Florida,Penn
1999,R1Z7,Z07,Z10,1278,1211,Minnesota,Gonzaga
1999,R1Z8,Z08,Z09,1281,1307,Missouri,New Mexico
2000,R1W1,W01,W16,1181,1249,Duke,Lamar
2000,R1W2,W02,W15,1396,1248,Temple,Lafayette
2000,R1W3,W03,W14,1329,1220,Oklahoma St,Hofstra
2000,R1W4,W04,W13,1228,1335,Illinois,Penn
2000,R1W5,W05,W12,1196,1139,Florida,Butler
2000,R1W6,W06,W11,1231,1337,Indiana,Pepperdine
2000,R1W7,W07,W10,1332,1371,Oregon,Seton Hall
2000,R1W8,W08,W09,1242,1177,Kansas,DePaul
2000,R1X1,X01,X16,1390,1354,Stanford,S Carolina St
2000,R1X2,X02,X15,1153,1423,Cincinnati,UNC Wilmington
2000,R1X3,X03,X14,1326,1111,Ohio St,Appalachian St
2000,R1X4,X04,X13,1397,1418,Tennessee,Louisiana
2000,R1X5,X05,X12,1163,1429,Connecticut,Utah St
2000,R1X6,X06,X11,1274,1116,Miami FL,Arkansas
2000,R1X7,X07,X10,1409,1424,Tulsa,UNLV
2000,R1X8,X08,X09,1314,1281,North Carolina,Missouri
2000,R1Y1,Y01,Y16,1277,1434,Michigan St,Valparaiso
2000,R1Y2,Y02,Y15,1235,1148,Iowa St,Central Conn
2000,R1Y3,Y03,Y14,1268,1233,Maryland,Iona
2000,R1Y4,Y04,Y13,1393,1359,Syracuse,Samford
2000,R1Y5,Y05,Y12,1246,1382,Kentucky,St Bonaventure
2000,R1Y6,Y06,Y11,1417,1123,UCLA,Ball St
2000,R1Y7,Y07,Y10,1120,1166,Auburn,Creighton
2000,R1Y8,Y08,Y09,1428,1387,Utah,St Louis
2000,R1Z1,Z01,Z16,1112,1238,Arizona,Jackson St
2000,R1Z2,Z02,Z15,1385,1319,St John's,Northern Arizona
2000,R1Z3,Z03,Z14,1328,1457,Oklahoma,Winthrop
2000,R1Z4,Z04,Z13,1261,1369,LSU,SE Missouri St
2000,R1Z5,Z05,Z12,1400,1232,Texas,Indiana St
2000,R1Z6,Z06,Z11,1345,1173,Purdue,Dayton
2000,R1Z7,Z07,Z10,1257,1211,Louisville,Gonzaga
2000,R1Z8,Z08,Z09,1458,1201,Wisconsin,Fresno St
2001,R1W1,W01,W16,1181,1284,Duke,Monmouth NJ
2001,R1W2,W02,W15,1246,1221,Kentucky,Holy Cross
2001,R1W3,W03,W14,1130,1381,Boston College,Southern Utah
2001,R1W4,W04,W13,1417,1220,UCLA,Hofstra
2001,R1W5,W05,W12,1326,1429,Ohio St,Utah St
2001,R1W6,W06,W11,1425,1329,USC,Oklahoma St
2001,R1W7,W07,W10,1234,1166,Iowa,Creighton
2001,R1W8,W08,W09,1208,1281,Georgia,Missouri
2001,R1X1,X01,X16,1390,1422,Stanford,UNC Greensboro
2001,R1X2,X02,X15,1235,1214,Iowa St,Hampton
2001,R1X3,X03,X14,1268,1206,Maryland,George Mason
2001,R1X4,X04,X13,1231,1245,Indiana,Kent
2001,R1X5,X05,X12,1153,1140,Cincinnati,BYU
2001,R1X6,X06,X11,1458,1209,Wisconsin,Georgia St
2001,R1X7,X07,X10,1116,1207,Arkansas,Georgetown
2001,R1X8,X08,X09,1210,1386,Georgia Tech,St Joseph's PA
2001,R1Y1,Y01,Y16,1228,,Illinois,
2001,R1Y2,Y02,Y15,1112,1183,Arizona,E Illinois
2001,R1Y3,Y03,Y14,1279,1233,Mississippi,Iona
2001,R1Y4,Y04,Y13,1242,1169,Kansas,CS Northridge
2001,R1Y5,Y05,Y12,1393,1218,Syracuse,Hawaii
2001,R1Y6,Y06,Y11,1323,1462,Notre Dame,Xavier
2001,R1Y7,Y07,Y10,1448,1139,Wake Forest,Butler
2001,R1Y8,Y08,Y09,1397,1150,Tennessee,Charlotte
2001,R1Z1,Z01,Z16,1277,1106,Michigan St,Alabama St
2001,R1Z2,Z02,Z15,1314,1343,North Carolina,Princeton
2001,R1Z3,Z03,Z14,1196,1443,Florida,WKU
2001,R1Z4,Z04,Z13,1328,1232,Oklahoma,Indiana St
2001,R1Z5,Z05,Z12,1438,1211,Virginia,Gonzaga
2001,R1Z6,Z06,Z11,1400,1396,Texas,Temple
2001,R1Z7,Z07,Z10,1336,1344,Penn St,Providence
2001,R1Z8,Z08,Z09,1143,1201,California,Fresno St
2001,Y16,Y16a,Y16b,1322,1457,Northwestern LA,Winthrop
2002,R1W1,W01,W16,1268,,Maryland,
2002,R1W2,W02,W15,1163,1214,Connecticut,Hampton
2002,R1W3,W03,W14,1208,1293,Georgia,Murray St
2002,R1W4,W04,W13,1246,1434,Kentucky,Valparaiso
2002,R1W5,W05,W12,1266,1409,Marquette,Tulsa
2002,R1W6,W06,W11,1403,1356,Texas Tech,S Illinois
2002,R1W7,W07,W10,1301,1277,NC State,Michigan St
2002,R1W8,W08,W09,1458,1385,Wisconsin,St John's
2002,R1X1,X01,X16,1242,1221,Kansas,Holy Cross
2002,R1X2,X02,X15,1332,1285,Oregon,Montana
2002,R1X3,X03,X14,1280,1270,Mississippi St,McNeese St
2002,R1X4,X04,X13,1228,1361,Illinois,San Diego St
2002,R1X5,X05,X12,1196,1166,Florida,Creighton
2002,R1X6,X06,X11,1400,1130,Texas,Boston College
2002,R1X7,X07,X10,1448,1337,Wake Forest,Pepperdine
2002,R1X8,X08,X09,1390,1443,Stanford,WKU
2002,R1Y1,Y01,Y16,1181,1457,Duke,Winthrop
2002,R1Y2,Y02,Y15,1104,1194,Alabama,FL Atlantic
2002,R1Y3,Y03,Y14,1338,1148,Pittsburgh,Central Conn
2002,R1Y4,Y04,Y13,1425,1423,USC,UNC Wilmington
2002,R1Y5,Y05,Y12,1231,1428,Indiana,Utah
2002,R1Y6,Y06,Y11,1143,1335,California,Penn
2002,R1Y7,Y07,Y10,1329,1245,Oklahoma St,Kent
2002,R1Y8,Y08,Y09,1323,1150,Notre Dame,Charlotte
2002,R1Z1,Z01,Z16,1153,1131,Cincinnati,Boston Univ
2002,R1Z2,Z02,Z15,1328,1227,Oklahoma,IL Chicago
2002,R1Z3,Z03,Z14,1112,1364,Arizona,UC Santa Barbara
2002,R1Z4,Z04,Z13,1326,1172,Ohio St,Davidson
2002,R1Z5,Z05,Z12,1274,1281,Miami FL,Missouri
2002,R1Z6,Z06,Z11,1211,1461,Gonzaga,Wyoming
2002,R1Z7,Z07,Z10,1462,1218,Xavier,Hawaii
2002,R1Z8,Z08,Z09,1417,1279,UCLA,Mississippi
2002,W16,W16a,W16b,1108,1373,Alcorn St,Siena
2003,R1W1,W01,W16,1328,1354,Oklahoma,S Carolina St
2003,R1W2,W02,W15,1448,1190,Wake Forest,ETSU
2003,R1W3,W03,W14,1393,1264,Syracuse,Manhattan
2003,R1W4,W04,W13,1257,1122,Louisville,Austin Peay
2003,R1W5,W05,W12,1280,1139,Mississippi St,Butler
2003,R1W6,W06,W11,1329,1335,Oklahoma St,Penn
2003,R1W7,W07,W10,1386,1120,St Joseph's PA,Auburn
2003,R1W8,W08,W09,1143,1301,California,NC State
2003,R1X1,X01,X16,1400,,Texas,
2003,R1X2,X02,X15,1196,1358,Florida,Sam Houston St
2003,R1X3,X03,X14,1462,1407,Xavier,Troy
2003,R1X4,X04,X13,1390,1360,Stanford,San Diego
2003,R1X5,X05,X12,1163,1140,Connecticut,BYU
2003,R1X6,X06,X11,1268,1423,Maryland,UNC Wilmington
2003,R1X7,X07,X10,1277,1160,Michigan St,Colorado
2003,R1X8,X08,X09,1261,1345,LSU,Purdue
2003,R1Y1,Y01,Y16,1246,1237,Kentucky,IUPUI
2003,R1Y2,Y02,Y15,1338,1447,Pittsburgh,Wagner
2003,R1Y3,Y03,Y14,1266,1221,Marquette,Holy Cross
2003,R1Y4,Y04,Y13,1173,1409,Dayton,Tulsa
2003,R1Y5,Y05,Y12,1458,1451,Wisconsin,Weber St
2003,R1Y6,Y06,Y11,1281,1356,Missouri,S Illinois
2003,R1Y7,Y07,Y10,1231,1104,Indiana,Alabama
2003,R1Y8,Y08,Y09,1332,1428,Oregon,Utah
2003,R1Z1,Z01,Z16,1112,1436,Arizona,Vermont
2003,R1Z2,Z02,Z15,1242,1429,Kansas,Utah St
2003,R1Z3,Z03,Z14,1181,1161,Duke,Colorado St
2003,R1Z4,Z04,Z13,1228,1443,Illinois,WKU
2003,R1Z5,Z05,Z12,1323,1454,Notre Dame,WI Milwaukee
2003,R1Z6,Z06,Z11,1166,1141,Creighton,C Michigan
2003,R1Z7,Z07,Z10,1272,1113,Memphis,Arizona St
2003,R1Z8,Z08,Z09,1153,1211,Cincinnati,Gonzaga
2003,X16,X16a,X16b,1411,1421,TX Southern,UNC Asheville
2004,R1W1,W01,W16,1181,1106,Duke,Alabama St
2004,R1W2,W02,W15,1280,1284,Mississippi St,Monmouth NJ
2004,R1W3,W03,W14,1400,1343,Texas,Princeton
2004,R1W4,W04,W13,1153,1190,Cincinnati,ETSU
2004,R1W5,W05,W12,1228,1293,Illinois,Murray St
2004,R1W6,W06,W11,1314,1102,North Carolina,Air Force
2004,R1W7,W07,W10,1462,1257,Xavier,Louisville
2004,R1W8,W08,W09,1371,1112,Seton Hall,Arizona
2004,R1X1,X01,X16,1390,1427,Stanford,UT San Antonio
2004,R1X2,X02,X15,1163,1436,Connecticut,Vermont
2004,R1X3,X03,X14,1301,1418,NC State,Louisiana
2004,R1X4,X04,X13,1268,1431,Maryland,UTEP
2004,R1X5,X05,X12,1393,1140,Syracuse,BYU
2004,R1X6,X06,X11,1435,1444,Vanderbilt,W Michigan
2004,R1X7,X07,X10,1177,1173,DePaul,Dayton
2004,R1X8,X08,X09,1104,1356,Alabama,S Illinois
2004,R1Y1,Y01,Y16,1386,1251,St Joseph's PA,Liberty
2004,R1Y2,Y02,Y15,1329,1186,Oklahoma St,E Washington
2004,R1Y3,Y03,Y14,1338,1416,Pittsburgh,UCF
2004,R1Y4,Y04,Y13,1448,1433,Wake Forest,VCU
2004,R1Y5,Y05,Y12,1196,1264,Florida,Manhattan
2004,R1Y6,Y06,Y11,1458,1350,Wisconsin,Richmond
2004,R1Y7,Y07,Y10,1272,1376,Memphis,South Carolina
2004,R1Y8,Y08,Y09,1403,1150,Texas Tech,Charlotte
2004,R1Z1,Z01,Z16,1246,,Kentucky,
2004,R1Z2,Z02,Z15,1211,1434,Gonzaga,Valparaiso
2004,R1Z3,Z03,Z14,1210,1320,Georgia Tech,Northern Iowa
2004,R1Z4,Z04,Z13,1242,1227,Kansas,IL Chicago
2004,R1Z5,Z05,Z12,1344,1334,Providence,Pacific
2004,R1Z6,Z06,Z11,1130,1428,Boston College,Utah
2004,R1Z7,Z07,Z10,1277,1305,Michigan St,Nevada
2004,R1Z8,Z08,Z09,1449,1412,Washington,UAB
2004,Z16,Z16a,Z16b,1197,1250,Florida A&M,Lehigh
2005,R1W1,W01,W16,1449,1285,Washington,Montana
2005,R1W2,W02,W15,1448,1151,Wake Forest,Chattanooga
2005,R1W3,W03,W14,1211,1457,Gonzaga,Winthrop
2005,R1W4,W04,W13,1257,1418,Louisville,Louisiana
2005,R1W5,W05,W12,1210,1203,Georgia Tech,G Washington
2005,R1W6,W06,W11,1403,1417,Texas Tech,UCLA
2005,R1W7,W07,W10,1452,1166,West Virginia,Creighton
2005,R1W8,W08,W09,1334,1338,Pacific,Pittsburgh
2005,R1X1,X01,X16,1228,1192,Illinois,F Dickinson
2005,R1X2,X02,X15,1329,1368,Oklahoma St,SE Louisiana
2005,R1X3,X03,X14,1112,1429,Arizona,Utah St
2005,R1X4,X04,X13,1130,1335,Boston College,Penn
2005,R1X5,X05,X12,1104,1454,Alabama,WI Milwaukee
2005,R1X6,X06,X11,1261,1412,LSU,UAB
2005,R1X7,X07,X10,1356,1388,S Illinois,St Mary's CA
2005,R1X8,X08,X09,1400,1305,Texas,Nevada
2005,R1Y1,Y01,Y16,1181,1175,Duke,Delaware St
2005,R1Y2,Y02,Y15,1246,1184,Kentucky,E Kentucky
2005,R1Y3,Y03,Y14,1328,1310,Oklahoma,Niagara
2005,R1Y4,Y04,Y13,1393,1436,Syracuse,Vermont
2005,R1Y5,Y05,Y12,1277,1330,Michigan St,Old Dominion
2005,R1Y6,Y06,Y11,1428,1431,Utah,UTEP
2005,R1Y7,Y07,Y10,1153,1234,Cincinnati,Iowa
2005,R1Y8,Y08,Y09,1390,1280,Stanford,Mississippi St
2005,R1Z1,Z01,Z16,1314,,North Carolina,
2005,R1Z2,Z02,Z15,1163,1416,Connecticut,UCF
2005,R1Z3,Z03,Z14,1242,1137,Kansas,Bucknell
2005,R1Z4,Z04,Z13,1196,1325,Florida,Ohio
2005,R1Z5,Z05,Z12,1437,1307,Villanova,New Mexico
2005,R1Z6,Z06,Z11,1458,1320,Wisconsin,Northern Iowa
2005,R1Z7,Z07,Z10,1150,1301,Charlotte,NC State
2005,R1Z8,Z08,Z09,1278,1235,Minnesota,Iowa St
2005,Z16,Z16a,Z16b,1105,1324,Alabama A&M,Oakland
2006,R1W1,W01,W16,1181,1380,Duke,Southern Univ
2006,R1W2,W02,W15,1400,1335,Texas,Penn
2006,R1W3,W03,W14,1234,1322,Iowa,Northwestern LA
2006,R1W4,W04,W13,1261,1233,LSU,Iona
2006,R1W5,W05,W12,1393,1401,Syracuse,Texas A&M
2006,R1W6,W06,W11,1452,1356,West Virginia,S Illinois
2006,R1W7,W07,W10,1143,1301,California,NC State
2006,R1W8,W08,W09,1203,1423,G Washington,UNC Wilmington
2006,R1X1,X01,X16,1272,1331,Memphis,Oral Roberts
2006,R1X2,X02,X15,1417,1125,UCLA,Belmont
2006,R1X3,X03,X14,1211,1462,Gonzaga,Xavier
2006,R1X4,X04,X13,1242,1133,Kansas,Bradley
2006,R1X5,X05,X12,1338,1245,Pittsburgh,Kent
2006,R1X6,X06,X11,1231,1361,Indiana,San Diego St
2006,R1X7,X07,X10,1266,1104,Marquette,Alabama
2006,R1X8,X08,X09,1116,1137,Arkansas,Bucknell
2006,R1Y1,Y01,Y16,1437,,Villanova,
2006,R1Y2,Y02,Y15,1326,1172,Ohio St,Davidson
2006,R1Y3,Y03,Y14,1196,1375,Florida,South Alabama
2006,R1Y4,Y04,Y13,1130,1334,Boston College,Pacific
2006,R1Y5,Y05,Y12,1305,1285,Nevada,Montana
2006,R1Y6,Y06,Y11,1328,1454,Oklahoma,WI Milwaukee
2006,R1Y7,Y07,Y10,1207,1320,Georgetown,Northern Iowa
2006,R1Y8,Y08,Y09,1112,1458,Arizona,Wisconsin
2006,R1Z1,Z01,Z16,1163,1107,Connecticut,SUNY Albany
2006,R1Z2,Z02,Z15,1397,1457,Tennessee,Winthrop
2006,R1Z3,Z03,Z14,1314,1293,North Carolina,Murray St
2006,R1Z4,Z04,Z13,1228,1102,Illinois,Air Force
2006,R1Z5,Z05,Z12,1449,1429,Washington,Utah St
2006,R1Z6,Z06,Z11,1277,1206,Michigan St,George Mason
2006,R1Z7,Z07,Z10,1455,1371,Wichita St,Seton Hall
2006,R1Z8,Z08,Z09,1246,1412,Kentucky,UAB
2006,Y16,Y16a,Y16b,1214,1284,Hampton,Monmouth NJ
2007,R1W1,W01,W16,1314,1184,North Carolina,E Kentucky
2007,R1W2,W02,W15,1207,1125,Georgetown,Belmont
2007,R1W3,W03,W14,1450,1331,Washington St,Oral Roberts
2007,R1W4,W04,W13,1400,1308,Texas,New Mexico St
2007,R1W5,W05,W12,1425,1116,USC,Arkansas
2007,R1W6,W06,W11,1435,1203,Vanderbilt,G Washington
2007,R1W7,W07,W10,1130,1403,Boston College,Texas Tech
2007,R1W8,W08,W09,1266,1277,Marquette,Michigan St
2007,R1X1,X01,X16,1326,1148,Ohio St,Central Conn
2007,R1X2,X02,X15,1272,1317,Memphis,North Texas
2007,R1X3,X03,X14,1401,1335,Texas A&M,Penn
2007,R1X4,X04,X13,1438,1107,Virginia,SUNY Albany
2007,R1X5,X05,X12,1397,1253,Tennessee,Long Beach St
2007,R1X6,X06,X11,1257,1390,Louisville,Stanford
2007,R1X7,X07,X10,1305,1166,Nevada,Creighton
2007,R1X8,X08,X09,1140,1462,BYU,Xavier
2007,R1Y1,Y01,Y16,1196,1238,Florida,Jackson St
2007,R1Y2,Y02,Y15,1458,1394,Wisconsin,TAM C. Christi
2007,R1Y3,Y03,Y14,1332,1275,Oregon,Miami OH
2007,R1Y4,Y04,Y13,1268,1172,Maryland,Davidson
2007,R1Y5,Y05,Y12,1139,1330,Butler,Old Dominion
2007,R1Y6,Y06,Y11,1323,1457,Notre Dame,Winthrop
2007,R1Y7,Y07,Y10,1424,1210,UNLV,Georgia Tech
2007,R1Y8,Y08,Y09,1112,1345,Arizona,Purdue
2007,R1Z1,Z01,Z16,1242,,Kansas,
2007,R1Z2,Z02,Z15,1417,1451,UCLA,Weber St
2007,R1Z3,Z03,Z14,1338,1460,Pittsburgh,Wright St
2007,R1Z4,Z04,Z13,1356,1221,S Illinois,Holy Cross
2007,R1Z5,Z05,Z12,1439,1228,Virginia Tech,Illinois
2007,R1Z6,Z06,Z11,1181,1433,Duke,VCU
2007,R1Z7,Z07,Z10,1231,1211,Indiana,Gonzaga
2007,R1Z8,Z08,Z09,1246,1437,Kentucky,Villanova
2007,Z16,Z16a,Z16b,1197,1310,Florida A&M,Niagara
2008,R1W1,W01,W16,1314,,North Carolina,
2008,R1W2,W02,W15,1397,1110,Tennessee,American Univ
2008,R1W3,W03,W14,1257,1129,Louisville,Boise St
2008,R1W4,W04,W13,1450,1457,Washington St,Winthrop
2008,R1W5,W05,W12,1323,1206,Notre Dame,George Mason
2008,R1W6,W06,W11,1328,1386,Oklahoma,St Joseph's PA
2008,R1W7,W07,W10,1139,1375,Butler,South Alabama
2008,R1W8,W08,W09,1231,1116,Indiana,Arkansas
2008,R1X1,X01,X16,1242,1340,Kansas,Portland St
2008,R1X2,X02,X15,1207,1420,Georgetown,UMBC
2008,R1X3,X03,X14,1458,1168,Wisconsin,CS Fullerton
2008,R1X4,X04,X13,1435,1373,Vanderbilt,Siena
2008,R1X5,X05,X12,1155,1437,Clemson,Villanova
2008,R1X6,X06,X11,1425,1243,USC,Kansas St
2008,R1X7,X07,X10,1211,1172,Gonzaga,Davidson
2008,R1X8,X08,X09,1424,1245,UNLV,Kent
2008,R1Y1,Y01,Y16,1272,1426,Memphis,UT Arlington
2008,R1Y2,Y02,Y15,1400,1122,Texas,Austin Peay
2008,R1Y3,Y03,Y14,1390,1165,Stanford,Cornell
2008,R1Y4,Y04,Y13,1338,1331,Pittsburgh,Oral Roberts
2008,R1Y5,Y05,Y12,1277,1396,Michigan St,Temple
2008,R1Y6,Y06,Y11,1266,1246,Marquette,Kentucky
2008,R1Y7,Y07,Y10,1274,1388,Miami FL,St Mary's CA
2008,R1Y8,Y08,Y09,1280,1332,Mississippi St,Oregon
2008,R1Z1,Z01,Z16,1417,1290,UCLA,MS Valley St
2008,R1Z2,Z02,Z15,1181,1125,Duke,Belmont
2008,R1Z3,Z03,Z14,1462,1208,Xavier,Georgia
2008,R1Z4,Z04,Z13,1163,1360,Connecticut,San Diego
2008,R1Z5,Z05,Z12,1179,1443,Drake,WKU
2008,R1Z6,Z06,Z11,1345,1124,Purdue,Baylor
2008,R1Z7,Z07,Z10,1452,1112,West Virginia,Arizona
2008,R1Z8,Z08,Z09,1140,1401,BYU,Texas A&M
2008,W16,W16a,W16b,1164,1291,Coppin St,Mt St Mary's
2009,R1W1,W01,W16,1338,1190,Pittsburgh,ETSU
2009,R1W2,W02,W15,1181,1127,Duke,Binghamton
2009,R1W3,W03,W14,1437,1110,Villanova,American Univ
2009,R1W4,W04,W13,1462,1340,Xavier,Portland St
2009,R1W5,W05,W12,1199,1458,Florida St,Wisconsin
2009,R1W6,W06,W11,1417,1433,UCLA,VCU
2009,R1W7,W07,W10,1400,1278,Texas,Minnesota
2009,R1W8,W08,W09,1329,1397,Oklahoma St,Tennessee
2009,R1X1,X01,X16,1314,1347,North Carolina,Radford
2009,R1X2,X02,X15,1328,1288,Oklahoma,Morgan St
2009,R1X3,X03,X14,1393,1372,Syracuse,SF Austin
2009,R1X4,X04,X13,1211,1103,Gonzaga,Akron
2009,R1X5,X05,X12,1228,1443,Illinois,WKU
2009,R1X6,X06,X11,1113,1396,Arizona St,Temple
2009,R1X7,X07,X10,1155,1276,Clemson,Michigan
2009,R1X8,X08,X09,1261,1139,LSU,Butler
2009,R1Y1,Y01,Y16,1257,,Louisville,
2009,R1Y2,Y02,Y15,1277,1352,Michigan St,Robert Morris
2009,R1Y3,Y03,Y14,1242,1295,Kansas,N Dakota St
2009,R1Y4,Y04,Y13,1448,1156,Wake Forest,Cleveland St
2009,R1Y5,Y05,Y12,1428,1112,Utah,Arizona
2009,R1Y6,Y06,Y11,1452,1173,West Virginia,Dayton
2009,R1Y7,Y07,Y10,1130,1425,Boston College,USC
2009,R1Y8,Y08,Y09,1326,1373,Ohio St,Siena
2009,R1Z1,Z01,Z16,1163,1151,Connecticut,Chattanooga
2009,R1Z2,Z02,Z15,1272,1169,Memphis,CS Northridge
2009,R1Z3,Z03,Z14,1281,1165,Missouri,Cornell
2009,R1Z4,Z04,Z13,1449,1280,Washington,Mississippi St
2009,R1Z5,Z05,Z12,1345,1320,Purdue,Northern Iowa
2009,R1Z6,Z06,Z11,1266,1429,Marquette,Utah St
2009,R1Z7,Z07,Z10,1143,1268,California,Maryland
2009,R1Z8,Z08,Z09,1140,1401,BYU,Texas A&M
2009,Y16,Y16a,Y16b,1106,1287,Alabama St,Morehead St
2010,R1W1,W01,W16,1246,1190,Kentucky,ETSU
2010,R1W2,W02,W15,1452,1288,West Virginia,Morgan St
2010,R1W3,W03,W14,1307,1285,New Mexico,Montana
2010,R1W4,W04,W13,1458,1459,Wisconsin,Wofford
2010,R1W5,W05,W12,1396,1165,Temple,Cornell
2010,R1W6,W06,W11,1266,1449,Marquette,Washington
2010,R1W7,W07,W10,1155,1281,Clemson,Missouri
2010,R1W8,W08,W09,1400,1448,Texas,Wake Forest
2010,R1X1,X01,X16,1181,,Duke,
2010,R1X2,X02,X15,1437,1352,Villanova,Robert Morris
2010,R1X3,X03,X14,1124,1358,Baylor,Sam Houston St
2010,R1X4,X04,X13,1345,1373,Purdue,Siena
2010,R1X5,X05,X12,1401,1429,Texas A&M,Utah St
2010,R1X6,X06,X11,1323,1330,Notre Dame,Old Dominion
2010,R1X7,X07,X10,1350,1388,Richmond,St Mary's CA
2010,R1X8,X08,X09,1143,1257,California,Louisville
2010,R1Y1,Y01,Y16,1242,1250,Kansas,Lehigh
2010,R1Y2,Y02,Y15,1326,1364,Ohio St,UC Santa Barbara
2010,R1Y3,Y03,Y14,1207,1325,Georgetown,Ohio
2010,R1Y4,Y04,Y13,1268,1222,Maryland,Houston
2010,R1Y5,Y05,Y12,1277,1308,Michigan St,New Mexico St
2010,R1Y6,Y06,Y11,1397,1361,Tennessee,San Diego St
2010,R1Y7,Y07,Y10,1329,1210,Oklahoma St,Georgia Tech
2010,R1Y8,Y08,Y09,1424,1320,UNLV,Northern Iowa
2010,R1Z1,Z01,Z16,1393,1436,Syracuse,Vermont
2010,R1Z2,Z02,Z15,1243,1317,Kansas St,North Texas
2010,R1Z3,Z03,Z14,1338,1324,Pittsburgh,Oakland
2010,R1Z4,Z04,Z13,1435,1293,Vanderbilt,Murray St
2010,R1Z5,Z05,Z12,1139,1431,Butler,UTEP
2010,R1Z6,Z06,Z11,1462,1278,Xavier,Minnesota
2010,R1Z7,Z07,Z10,1140,1196,BYU,Florida
2010,R1Z8,Z08,Z09,1211,1199,Gonzaga,Florida St
2010,X16,X16a,X16b,1115,1457,Ark Pine Bluff,Winthrop
2011,R1W1,W01,W16,1326,,Ohio St,
2011,R1W2,W02,W15,1314,1254,North Carolina,LIU Brooklyn
2011,R1W3,W03,W14,1393,1232,Syracuse,Indiana St
2011,R1W4,W04,W13,1246,1343,Kentucky,Princeton
2011,R1W5,W05,W12,1452,,West Virginia,
2011,R1W6,W06,W11,1462,1266,Xavier,Marquette
2011,R1W7,W07,W10,1449,1208,Washington,Georgia
2011,R1W8,W08,W09,1206,1437,George Mason,Villanova
2011,R1X1,X01,X16,1181,1214,Duke,Hampton
2011,R1X2,X02,X15,1361,1294,San Diego St,N Colorado
2011,R1X3,X03,X14,1163,1137,Connecticut,Bucknell
2011,R1X4,X04,X13,1400,1324,Texas,Oakland
2011,R1X5,X05,X12,1112,1272,Arizona,Memphis
2011,R1X6,X06,X11,1153,1281,Cincinnati,Missouri
2011,R1X7,X07,X10,1396,1336,Temple,Penn St
2011,R1X8,X08,X09,1276,1397,Michigan,Tennessee
2011,R1Y1,Y01,Y16,1338,,Pittsburgh,
2011,R1Y2,Y02,Y15,1196,1364,Florida,UC Santa Barbara
2011,R1Y3,Y03,Y14,1140,1459,BYU,Wofford
2011,R1Y4,Y04,Y13,1458,1125,Wisconsin,Belmont
2011,R1Y5,Y05,Y12,1243,1429,Kansas St,Utah St
2011,R1Y6,Y06,Y11,1385,1211,St John's,Gonzaga
2011,R1Y7,Y07,Y10,1417,1277,UCLA,Michigan St
2011,R1Y8,Y08,Y09,1139,1330,Butler,Old Dominion
2011,R1Z1,Z01,Z16,1242,1131,Kansas,Boston Univ
2011,R1Z2,Z02,Z15,1323,1103,Notre Dame,Akron
2011,R1Z3,Z03,Z14,1345,1389,Purdue,St Peter's
2011,R1Z4,Z04,Z13,1257,1287,Louisville,Morehead St
2011,R1Z5,Z05,Z12,1435,1350,Vanderbilt,Richmond
2011,R1Z6,Z06,Z11,1207,,Georgetown,
2011,R1Z7,Z07,Z10,1401,1199,Texas A&M,Florida St
2011,R1Z8,Z08,Z09,1424,1228,UNLV,Illinois
2011,W12,W12a,W12b,1155,1412,Clemson,UAB
2011,W16,W16a,W16b,1106,1427,Alabama St,UT San Antonio
2011,Y16,Y16a,Y16b,1114,1421,Ark Little Rock,UNC Asheville
2011,Z11,Z11a,Z11b,1425,1433,USC,VCU
2012,R1W1,W01,W16,1393,1421,Syracuse,UNC Asheville
2012,R1W2,W02,W15,1326,1259,Ohio St,Loyola MD
2012,R1W3,W03,W14,1199,1382,Florida St,St Bonaventure
2012,R1W4,W04,W13,1458,1285,Wisconsin,Montana
2012,R1W5,W05,W12,1435,1217,Vanderbilt,Harvard
2012,R1W6,W06,W11,1153,1400,Cincinnati,Texas
2012,R1W7,W07,W10,1211,1452,Gonzaga,West Virginia
2012,R1W8,W08,W09,1243,1379,Kansas St,Southern Miss
2012,R1X1,X01,X16,1314,,North Carolina,
2012,R1X2,X02,X15,1242,1178,Kansas,Detroit
2012,R1X3,X03,X14,1207,1125,Georgetown,Belmont
2012,R1X4,X04,X13,1276,1325,Michigan,Ohio
2012,R1X5,X05,X12,1396,,Temple,
2012,R1X6,X06,X11,1361,1301,San Diego St,NC State
2012,R1X7,X07,X10,1388,1345,St Mary's CA,Purdue
2012,R1X8,X08,X09,1166,1104,Creighton,Alabama
2012,R1Y1,Y01,Y16,1246,,Kentucky,
2012,R1Y2,Y02,Y15,1181,1250,Duke,Lehigh
2012,R1Y3,Y03,Y14,1124,1355,Baylor,S Dakota St
2012,R1Y4,Y04,Y13,1231,1308,Indiana,New Mexico St
2012,R1Y5,Y05,Y12,1455,1433,Wichita St,VCU
2012,R1Y6,Y06,Y11,1424,1160,UNLV,Colorado
2012,R1Y7,Y07,Y10,1323,1462,Notre Dame,Xavier
2012,R1Y8,Y08,Y09,1235,1163,Iowa St,Connecticut
2012,R1Z1,Z01,Z16,1277,1254,Michigan St,LIU Brooklyn
2012,R1Z2,Z02,Z15,1281,1313,Missouri,Norfolk St
2012,R1Z3,Z03,Z14,1266,,Marquette,
2012,R1Z4,Z04,Z13,1257,1172,Louisville,Davidson
2012,R1Z5,Z05,Z12,1307,1253,New Mexico,Long Beach St
2012,R1Z6,Z06,Z11,1293,1161,Murray St,Colorado St
2012,R1Z7,Z07,Z10,1196,1438,Florida,Virginia
2012,R1Z8,Z08,Z09,1272,1387,Memphis,St Louis
2012,X12,X12a,X12b,1143,1378,California,South Florida
2012,X16,X16a,X16b,1249,1436,Lamar,Vermont
2012,Y16,Y16a,Y16b,1290,1443,MS Valley St,WKU
2012,Z14,Z14a,Z14b,1140,1233,BYU,Iona
2013,R1W1,W01,W16,1231,,Indiana,
2013,R1W2,W02,W15,1274,1334,Miami FL,Pacific
2013,R1W3,W03,W14,1266,1172,Marquette,Davidson
2013,R1W4,W04,W13,1393,1285,Syracuse,Montana
2013,R1W5,W05,W12,1424,1143,UNLV,California
2013,R1W6,W06,W11,1139,1137,Butler,Bucknell
2013,R1W7,W07,W10,1228,1160,Illinois,Colorado
2013,R1W8,W08,W09,1301,1396,NC State,Temple
2013,R1X1,X01,X16,1242,1443,Kansas,WKU
2013,R1X2,X02,X15,1207,1195,Georgetown,FGCU
2013,R1X3,X03,X14,1196,1322,Florida,Northwestern LA
2013,R1X4,X04,X13,1276,1355,Michigan,S Dakota St
2013,R1X5,X05,X12,1433,1103,VCU,Akron
2013,R1X6,X06,X11,1417,1278,UCLA,Minnesota
2013,R1X7,X07,X10,1361,1328,San Diego St,Oklahoma
2013,R1X8,X08,X09,1314,1437,North Carolina,Villanova
2013,R1Y1,Y01,Y16,1257,,Louisville,
2013,R1Y2,Y02,Y15,1181,1107,Duke,SUNY Albany
2013,R1Y3,Y03,Y14,1277,1434,Michigan St,Valparaiso
2013,R1Y4,Y04,Y13,1387,1308,St Louis,New Mexico St
2013,R1Y5,Y05,Y12,1329,1332,Oklahoma St,Oregon
2013,R1Y6,Y06,Y11,1272,,Memphis,
2013,R1Y7,Y07,Y10,1166,1153,Creighton,Cincinnati
2013,R1Y8,Y08,Y09,1161,1281,Colorado St,Missouri
2013,R1Z1,Z01,Z16,1211,1380,Gonzaga,Southern Univ
2013,R1Z2,Z02,Z15,1326,1233,Ohio St,Iona
2013,R1Z3,Z03,Z14,1307,1217,New Mexico,Harvard
2013,R1Z4,Z04,Z13,1243,,Kansas St,
2013,R1Z5,Z05,Z12,1458,1279,Wisconsin,Mississippi
2013,R1Z6,Z06,Z11,1112,1125,Arizona,Belmont
2013,R1Z7,Z07,Z10,1323,1235,Notre Dame,Iowa St
2013,R1Z8,Z08,Z09,1338,1455,Pittsburgh,Wichita St
2013,W16,W16a,W16b,1241,1254,James Madison,LIU Brooklyn
2013,Y11,Y11a,Y11b,1292,1388,MTSU,St Mary's CA
2013,Y16,Y16a,Y16b,1251,1299,Liberty,NC A&T
2013,Z13,Z13a,Z13b,1129,1247,Boise St,La Salle
2014,R1W1,W01,W16,1438,1157,Virginia,Coastal Car
2014,R1W2,W02,W15,1437,1454,Villanova,WI Milwaukee
2014,R1W3,W03,W14,1235,1300,Iowa St,NC Central
2014,R1W4,W04,W13,1277,1174,Michigan St,Delaware
2014,R1W5,W05,W12,1153,1217,Cincinnati,Harvard
2014,R1W6,W06,W11,1314,1344,North Carolina,Providence
2014,R1W7,W07,W10,1163,1386,Connecticut,St Joseph's PA
2014,R1W8,W08,W09,1272,1203,Memphis,G Washington
2014,R1X1,X01,X16,1196,,Florida,
2014,R1X2,X02,X15,1242,1184,Kansas,E Kentucky
2014,R1X3,X03,X14,1393,1444,Syracuse,W Michigan
2014,R1X4,X04,X13,1417,1409,UCLA,Tulsa
2014,R1X5,X05,X12,1433,1372,VCU,SF Austin
2014,R1X6,X06,X11,1326,1173,Ohio St,Dayton
2014,R1X7,X07,X10,1307,1390,New Mexico,Stanford
2014,R1X8,X08,X09,1160,1338,Colorado,Pittsburgh
2014,R1Y1,Y01,Y16,1455,,Wichita St,
2014,R1Y2,Y02,Y15,1276,1459,Michigan,Wofford
2014,R1Y3,Y03,Y14,1181,1273,Duke,Mercer
2014,R1Y4,Y04,Y13,1257,1264,Louisville,Manhattan
2014,R1Y5,Y05,Y12,1387,,St Louis,
2014,R1Y6,Y06,Y11,1269,,Massachusetts,
2014,R1Y7,Y07,Y10,1400,1113,Texas,Arizona St
2014,R1Y8,Y08,Y09,1246,1243,Kentucky,Kansas St
2014,R1Z1,Z01,Z16,1112,1451,Arizona,Weber St
2014,R1Z2,Z02,Z15,1458,1110,Wisconsin,American Univ
2014,R1Z3,Z03,Z14,1166,1418,Creighton,Louisiana
2014,R1Z4,Z04,Z13,1361,1308,San Diego St,New Mexico St
2014,R1Z5,Z05,Z12,1328,1295,Oklahoma,N Dakota St
2014,R1Z6,Z06,Z11,1124,1304,Baylor,Nebraska
2014,R1Z7,Z07,Z10,1332,1140,Oregon,BYU
2014,R1Z8,Z08,Z09,1211,1329,Gonzaga,Oklahoma St
2014,X16,X16a,X16b,1107,1291,SUNY Albany,Mt St Mary's
2014,Y11,Y11a,Y11b,1234,1397,Iowa,Tennessee
2014,Y12,Y12a,Y12b,1301,1462,NC State,Xavier
2014,Y16,Y16a,Y16b,1142,1411,Cal Poly,TX Southern
2015,R1W1,W01,W16,1437,1248,Villanova,Lafayette
2015,R1W2,W02,W15,1438,1125,Virginia,Belmont
2015,R1W3,W03,W14,1328,1107,Oklahoma,SUNY Albany
2015,R1W4,W04,W13,1257,1414,Louisville,UC Irvine
2015,R1W5,W05,W12,1320,1461,Northern Iowa,Wyoming
2015,R1W6,W06,W11,1344,,Providence,
2015,R1W7,W07,W10,1277,1208,Michigan St,Georgia
2015,R1W8,W08,W09,1301,1261,NC State,LSU
2015,R1X1,X01,X16,1181,,Duke,
2015,R1X2,X02,X15,1211,1295,Gonzaga,N Dakota St
2015,R1X3,X03,X14,1235,1412,Iowa St,UAB
2015,R1X4,X04,X13,1207,1186,Georgetown,E Washington
2015,R1X5,X05,X12,1428,1372,Utah,SF Austin
2015,R1X6,X06,X11,1374,1417,SMU,UCLA
2015,R1X7,X07,X10,1234,1172,Iowa,Davidson
2015,R1X8,X08,X09,1361,1385,San Diego St,St John's
2015,R1Y1,Y01,Y16,1246,,Kentucky,
2015,R1Y2,Y02,Y15,1242,1308,Kansas,New Mexico St
2015,R1Y3,Y03,Y14,1323,1318,Notre Dame,Northeastern
2015,R1Y4,Y04,Y13,1268,1434,Maryland,Valparaiso
2015,R1Y5,Y05,Y12,1452,1138,West Virginia,Buffalo
2015,R1Y6,Y06,Y11,1139,1400,Butler,Texas
2015,R1Y7,Y07,Y10,1455,1231,Wichita St,Indiana
2015,R1Y8,Y08,Y09,1153,1345,Cincinnati,Purdue
2015,R1Z1,Z01,Z16,1458,1157,Wisconsin,Coastal Car
2015,R1Z2,Z02,Z15,1112,1411,Arizona,TX Southern
2015,R1Z3,Z03,Z14,1124,1209,Baylor,Georgia St
2015,R1Z4,Z04,Z13,1314,1217,North Carolina,Harvard
2015,R1Z5,Z05,Z12,1116,1459,Arkansas,Wofford
2015,R1Z6,Z06,Z11,1462,,Xavier,
2015,R1Z7,Z07,Z10,1433,1326,VCU,Ohio St
2015,R1Z8,Z08,Z09,1332,1329,Oregon,Oklahoma St
2015,W11,W11a,W11b,1129,1173,Boise St,Dayton
2015,X16,X16a,X16b,1316,1352,North Florida,Robert Morris
2015,Y16,Y16a,Y16b,1214,1264,Hampton,Manhattan
2015,Z11,Z11a,Z11b,1140,1279,BYU,Mississippi
2016,R1W1,W01,W16,1314,,North Carolina,
2016,R1W2,W02,W15,1462,1451,Xavier,Weber St
2016,R1W3,W03,W14,1452,1372,West Virginia,SF Austin
2016,R1W4,W04,W13,1246,1392,Kentucky,Stony Brook
2016,R1W5,W05,W12,1231,1151,Indiana,Chattanooga
2016,R1W6,W06,W11,1323,,Notre Dame,
2016,R1W7,W07,W10,1458,1338,Wisconsin,Pittsburgh
2016,R1W8,W08,W09,1425,1344,USC,Providence
2016,R1X1,X01,X16,1438,1214,Virginia,Hampton
2016,R1X2,X02,X15,1277,1292,Michigan St,MTSU
2016,R1X3,X03,X14,1428,1201,Utah,Fresno St
2016,R1X4,X04,X13,1235,1233,Iowa St,Iona
2016,R1X5,X05,X12,1345,1114,Purdue,Ark Little Rock
2016,R1X6,X06,X11,1371,1211,Seton Hall,Gonzaga
2016,R1X7,X07,X10,1173,1393,Dayton,Syracuse
2016,R1X8,X08,X09,1403,1139,Texas Tech,Butler
2016,R1Y1,Y01,Y16,1242,1122,Kansas,Austin Peay
2016,R1Y2,Y02,Y15,1437,1421,Villanova,UNC Asheville
2016,R1Y3,Y03,Y14,1274,1138,Miami FL,Buffalo
2016,R1Y4,Y04,Y13,1143,1218,California,Hawaii
2016,R1Y5,Y05,Y12,1268,1355,Maryland,S Dakota St
2016,R1Y6,Y06,Y11,1112,,Arizona,
2016,R1Y7,Y07,Y10,1234,1396,Iowa,Temple
2016,R1Y8,Y08,Y09,1160,1163,Colorado,Connecticut
2016,R1Z1,Z01,Z16,1332,,Oregon,
2016,R1Z2,Z02,Z15,1328,1167,Oklahoma,CS Bakersfield
2016,R1Z3,Z03,Z14,1401,1453,Texas A&M,WI Green Bay
2016,R1Z4,Z04,Z13,1181,1423,Duke,UNC Wilmington
2016,R1Z5,Z05,Z12,1124,1463,Baylor,Yale
2016,R1Z6,Z06,Z11,1400,1320,Texas,Northern Iowa
2016,R1Z7,Z07,Z10,1333,1433,Oregon St,VCU
2016,R1Z8,Z08,Z09,1386,1153,St Joseph's PA,Cincinnati
2016,W11,W11a,W11b,1276,1409,Michigan,Tulsa
2016,W16,W16a,W16b,1192,1195,F Dickinson,FGCU
2016,Y11,Y11a,Y11b,1435,1455,Vanderbilt,Wichita St
2016,Z16,Z16a,Z16b,1221,1380,Holy Cross,Southern Univ
2017,R1W1,W01,W16,1437,,Villanova,
2017,R1W2,W02,W15,1181,1407,Duke,Troy
2017,R1W3,W03,W14,1124,1308,Baylor,New Mexico St
2017,R1W4,W04,W13,1196,1190,Florida,ETSU
2017,R1W5,W05,W12,1438,1423,Virginia,UNC Wilmington
2017,R1W6,W06,W11,1374,,SMU,
2017,R1W7,W07,W10,1376,1266,South Carolina,Marquette
2017,R1W8,W08,W09,1458,1439,Wisconsin,Virginia Tech
2017,R1X1,X01,X16,1211,1355,Gonzaga,S Dakota St
2017,R1X2,X02,X15,1112,1315,Arizona,North Dakota
2017,R1X3,X03,X14,1199,1195,Florida St,FGCU
2017,R1X4,X04,X13,1452,1137,West Virginia,Bucknell
2017,R1X5,X05,X12,1323,1343,Notre Dame,Princeton
2017,R1X6,X06,X11,1268,1462,Maryland,Xavier
2017,R1X7,X07,X10,1388,1433,St Mary's CA,VCU
2017,R1X8,X08,X09,1321,1435,Northwestern,Vanderbilt
2017,R1Y1,Y01,Y16,1242,,Kansas,
2017,R1Y2,Y02,Y15,1257,1240,Louisville,Jacksonville St
2017,R1Y3,Y03,Y14,1332,1233,Oregon,Iona
2017,R1Y4,Y04,Y13,1345,1436,Purdue,Vermont
2017,R1Y5,Y05,Y12,1235,1305,Iowa St,Nevada
2017,R1Y6,Y06,Y11,1166,1348,Creighton,Rhode Island
2017,R1Y7,Y07,Y10,1276,1329,Michigan,Oklahoma St
2017,R1Y8,Y08,Y09,1274,1277,Miami FL,Michigan St
2017,R1Z1,Z01,Z16,1314,1411,North Carolina,TX Southern
2017,R1Z2,Z02,Z15,1246,1297,Kentucky,N Kentucky
2017,R1Z3,Z03,Z14,1417,1245,UCLA,Kent
2017,R1Z4,Z04,Z13,1139,1457,Butler,Winthrop
2017,R1Z5,Z05,Z12,1278,1292,Minnesota,MTSU
2017,R1Z6,Z06,Z11,1153,,Cincinnati,
2017,R1Z7,Z07,Z10,1173,1455,Dayton,Wichita St
2017,R1Z8,Z08,Z09,1116,1371,Arkansas,Seton Hall
2017,W11,W11a,W11b,1344,1425,Providence,USC
2017,W16,W16a,W16b,1291,1309,Mt St Mary's,New Orleans
2017,Y16,Y16a,Y16b,1300,1413,NC Central,UC Davis
2017,Z11,Z11a,Z11b,1243,1448,Kansas St,Wake Forest
2018,R1W1,W01,W16,1437,,Villanova,
2018,R1W2,W02,W15,1345,1168,Purdue,CS Fullerton
2018,R1W3,W03,W14,1403,1372,Texas Tech,SF Austin
2018,R1W4,W04,W13,1455,1267,Wichita St,Marshall
2018,R1W5,W05,W12,1452,1293,West Virginia,Murray St
2018,R1W6,W06,W11,1196,,Florida,
2018,R1W7,W07,W10,1116,1139,Arkansas,Butler
2018,R1W8,W08,W09,1439,1104,Virginia Tech,Alabama
2018,R1X1,X01,X16,1242,1335,Kansas,Penn
2018,R1X2,X02,X15,1181,1233,Duke,Iona
2018,R1X3,X03,X14,1277,1137,Michigan St,Bucknell
2018,R1X4,X04,X13,1120,1158,Auburn,Col Charleston
2018,R1X5,X05,X12,1155,1308,Clemson,New Mexico St
2018,R1X6,X06,X11,1395,,TCU,
2018,R1X7,X07,X10,1348,1328,Rhode Island,Oklahoma
2018,R1X8,X08,X09,1371,1301,Seton Hall,NC State
2018,R1Y1,Y01,Y16,1438,1420,Virginia,UMBC
2018,R1Y2,Y02,Y15,1153,1209,Cincinnati,Georgia St
2018,R1Y3,Y03,Y14,1397,1460,Tennessee,Wright St
2018,R1Y4,Y04,Y13,1112,1138,Arizona,Buffalo
2018,R1Y5,Y05,Y12,1246,1172,Kentucky,Davidson
2018,R1Y6,Y06,Y11,1274,1260,Miami FL,Loyola-Chicago
2018,R1Y7,Y07,Y10,1305,1400,Nevada,Texas
2018,R1Y8,Y08,Y09,1166,1243,Creighton,Kansas St
2018,R1Z1,Z01,Z16,1462,,Xavier,
2018,R1Z2,Z02,Z15,1314,1252,North Carolina,Lipscomb
2018,R1Z3,Z03,Z14,1276,1285,Michigan,Montana
2018,R1Z4,Z04,Z13,1211,1422,Gonzaga,UNC Greensboro
2018,R1Z5,Z05,Z12,1326,1355,Ohio St,S Dakota St
2018,R1Z6,Z06,Z11,1222,1361,Houston,San Diego St
2018,R1Z7,Z07,Z10,1401,1344,Texas A&M,Providence
2018,R1Z8,Z08,Z09,1281,1199,Missouri,Florida St
2018,W11,W11a,W11b,1382,1417,St Bonaventure,UCLA
2018,W16,W16a,W16b,1254,1347,LIU Brooklyn,Radford
2018,X11,X11a,X11b,1113,1393,Arizona St,Syracuse
2018,Z16,Z16a,Z16b,1300,1411,NC Central,TX Southern
2019,R1W1,W01,W16,1181,,Duke,
2019,R1W2,W02,W15,1277,1133,Michigan St,Bradley
2019,R1W3,W03,W14,1261,1463,LSU,Yale
2019,R1W4,W04,W13,1439,1387,Virginia Tech,St Louis
2019,R1W5,W05,W12,1280,1251,Mississippi St,Liberty
2019,R1W6,W06,W11,1268,,Maryland,
2019,R1W7,W07,W10,1257,1278,Louisville,Minnesota
2019,R1W8,W08,W09,1433,1416,VCU,UCF
2019,R1X1,X01,X16,1211,,Gonzaga,
2019,R1X2,X02,X15,1276,1285,Michigan,Montana
2019,R1X3,X03,X14,1403,1297,Texas Tech,N Kentucky
2019,R1X4,X04,X13,1199,1436,Florida St,Vermont
2019,R1X5,X05,X12,1266,1293,Marquette,Murray St
2019,R1X6,X06,X11,1138,,Buffalo,
2019,R1X7,X07,X10,1305,1196,Nevada,Florida
2019,R1X8,X08,X09,1393,1124,Syracuse,Baylor
2019,R1Y1,Y01,Y16,1314,1233,North Carolina,Iona
2019,R1Y2,Y02,Y15,1246,1101,Kentucky,Abilene Chr
2019,R1Y3,Y03,Y14,1222,1209,Houston,Georgia St
2019,R1Y4,Y04,Y13,1242,1318,Kansas,Northeastern
2019,R1Y5,Y05,Y12,1120,1308,Auburn,New Mexico St
2019,R1Y6,Y06,Y11,1235,1326,Iowa St,Ohio St
2019,R1Y7,Y07,Y10,1459,1371,Wofford,Seton Hall
2019,R1Y8,Y08,Y09,1429,1449,Utah St,Washington
2019,R1Z1,Z01,Z16,1438,1205,Virginia,Gardner Webb
2019,R1Z2,Z02,Z15,1397,1159,Tennessee,Colgate
2019,R1Z3,Z03,Z14,1345,1330,Purdue,Old Dominion
2019,R1Z4,Z04,Z13,1243,1414,Kansas St,UC Irvine
2019,R1Z5,Z05,Z12,1458,1332,Wisconsin,Oregon
2019,R1Z6,Z06,Z11,1437,1388,Villanova,St Mary's CA
2019,R1Z7,Z07,Z10,1153,1234,Cincinnati,Iowa
2019,R1Z8,Z08,Z09,1279,1328,Mississippi,Oklahoma
2019,W11,W11a,W11b,1125,1396,Belmont,Temple
2019,W16,W16a,W16b,1295,1300,N Dakota St,NC Central
2019,X11,X11a,X11b,1113,1385,Arizona St,St John's
2019,X16,X16a,X16b,1192,1341,F Dickinson,Prairie View
2021,R1W1,W01,W16,1276,,Michigan,
2021,R1W2,W02,W15,1104,1233,Alabama,Iona
2021,R1W3,W03,W14,1400,1101,Texas,Abilene Chr
2021,R1W4,W04,W13,1199,1422,Florida St,UNC Greensboro
2021,R1W5,W05,W12,1160,1207,Colorado,Georgetown
2021,R1W6,W06,W11,1140,,BYU,
2021,R1W7,W07,W10,1163,1268,Connecticut,Maryland
2021,R1W8,W08,W09,1261,1382,LSU,St Bonaventure
2021,R1X1,X01,X16,1211,,Gonzaga,
2021,R1X2,X02,X15,1234,1213,Iowa,Grand Canyon
2021,R1X3,X03,X14,1242,1186,Kansas,E Washington
2021,R1X4,X04,X13,1438,1325,Virginia,Ohio
2021,R1X5,X05,X12,1166,1364,Creighton,UC Santa Barbara
2021,R1X6,X06,X11,1425,,USC,
2021,R1X7,X07,X10,1332,1433,Oregon,VCU
2021,R1X8,X08,X09,1328,1281,Oklahoma,Missouri
2021,R1Y1,Y01,Y16,1228,1180,Illinois,Drexel
2021,R1Y2,Y02,Y15,1222,1156,Houston,Cleveland St
2021,R1Y3,Y03,Y14,1452,1287,West Virginia,Morehead St
2021,R1Y4,Y04,Y13,1329,1251,Oklahoma St,Liberty
2021,R1Y5,Y05,Y12,1397,1333,Tennessee,Oregon St
2021,R1Y6,Y06,Y11,1361,1393,San Diego St,Syracuse
2021,R1Y7,Y07,Y10,1155,1353,Clemson,Rutgers
2021,R1Y8,Y08,Y09,1260,1210,Loyola-Chicago,Georgia Tech
2021,R1Z1,Z01,Z16,1124,1216,Baylor,Hartford
2021,R1Z2,Z02,Z15,1326,1331,Ohio St,Oral Roberts
2021,R1Z3,Z03,Z14,1116,1159,Arkansas,Colgate
2021,R1Z4,Z04,Z13,1345,1317,Purdue,North Texas
2021,R1Z5,Z05,Z12,1437,1457,Villanova,Winthrop
2021,R1Z6,Z06,Z11,1403,1429,Texas Tech,Utah St
2021,R1Z7,Z07,Z10,1196,1439,Florida,Virginia Tech
2021,R1Z8,Z08,Z09,1314,1458,North Carolina,Wisconsin
2021,W11,W11a,W11b,1277,1417,Michigan St,UCLA
2021,W16,W16a,W16b,1291,1411,Mt St Mary's,TX Southern
2021,X11,X11a,X11b,1179,1455,Drake,Wichita St
2021,X16,X16a,X16b,1111,1313,Appalachian St,Norfolk St
2022,R1W1,W01,W16,1124,1313,Baylor,Norfolk St
2022,R1W2,W02,W15,1246,1389,Kentucky,St Peter's
2022,R1W3,W03,W14,1345,1463,Purdue,Yale
2022,R1W4,W04,W13,1417,1103,UCLA,Akron
2022,R1W5,W05,W12,1388,,St Mary's CA,
2022,R1W6,W06,W11,1400,1439,Texas,Virginia Tech
2022,R1W7,W07,W10,1293,1362,Murray St,San Francisco
2022,R1W8,W08,W09,1314,1266,North Carolina,Marquette
2022,R1X1,X01,X16,1211,1209,Gonzaga,Georgia St
2022,R1X2,X02,X15,1181,1168,Duke,CS Fullerton
2022,R1X3,X03,X14,1403,1286,Texas Tech,Montana St
2022,R1X4,X04,X13,1116,1436,Arkansas,Vermont
2022,R1X5,X05,X12,1163,1308,Connecticut,New Mexico St
2022,R1X6,X06,X11,1104,,Alabama,
2022,R1X7,X07,X10,1277,1172,Michigan St,Davidson
2022,R1X8,X08,X09,1129,1272,Boise St,Memphis
2022,R1Y1,Y01,Y16,1242,,Kansas,
2022,R1Y2,Y02,Y15,1120,1240,Auburn,Jacksonville St
2022,R1Y3,Y03,Y14,1458,1159,Wisconsin,Colgate
2022,R1Y4,Y04,Y13,1344,1355,Providence,S Dakota St
2022,R1Y5,Y05,Y12,1234,1350,Iowa,Richmond
2022,R1Y6,Y06,Y11,1261,1235,LSU,Iowa St
2022,R1Y7,Y07,Y10,1425,1274,USC,Miami FL
2022,R1Y8,Y08,Y09,1361,1166,San Diego St,Creighton
2022,R1Z1,Z01,Z16,1112,,Arizona,
2022,R1Z2,Z02,Z15,1437,1174,Villanova,Delaware
2022,R1Z3,Z03,Z14,1397,1255,Tennessee,Longwood
2022,R1Z4,Z04,Z13,1228,1151,Illinois,Chattanooga
2022,R1Z5,Z05,Z12,1222,1412,Houston,UAB
2022,R1Z6,Z06,Z11,1161,1276,Colorado St,Michigan
2022,R1Z7,Z07,Z10,1326,1260,Ohio St,Loyola-Chicago
2022,R1Z8,Z08,Z09,1371,1395,Seton Hall,TCU
2022,W12,W12a,W12b,1231,1461,Indiana,Wyoming
2022,X11,X11a,X11b,1323,1353,Notre Dame,Rutgers
2022,Y16,Y16a,Y16b,1394,1411,TAM C. Christi,TX Southern
2022,Z16,Z16a,Z16b,1136,1460,Bryant,Wright St
2023,R1W1,W01,W16,1345,,Purdue,
2023,R1W2,W02,W15,1266,1436,Marquette,Vermont
2023,R1W3,W03,W14,1243,1286,Kansas St,Montana St
2023,R1W4,W04,W13,1397,1418,Tennessee,Louisiana
2023,R1W5,W05,W12,1181,1331,Duke,Oral Roberts
2023,R1W6,W06,W11,1246,1344,Kentucky,Providence
2023,R1W7,W07,W10,1277,1425,Michigan St,USC
2023,R1W8,W08,W09,1272,1194,Memphis,FL Atlantic
2023,R1X1,X01,X16,1104,,Alabama,
2023,R1X2,X02,X15,1112,1343,Arizona,Princeton
2023,R1X3,X03,X14,1124,1364,Baylor,UC Santa Barbara
2023,R1X4,X04,X13,1438,1202,Virginia,Furman
2023,R1X5,X05,X12,1361,1158,San Diego St,Col Charleston
2023,R1X6,X06,X11,1166,1301,Creighton,NC State
2023,R1X7,X07,X10,1281,1429,Missouri,Utah St
2023,R1X8,X08,X09,1268,1452,Maryland,West Virginia
2023,R1Y1,Y01,Y16,1222,1297,Houston,N Kentucky
2023,R1Y2,Y02,Y15,1400,1159,Texas,Colgate
2023,R1Y3,Y03,Y14,1462,1244,Xavier,Kennesaw
2023,R1Y4,Y04,Y13,1231,1245,Indiana,Kent
2023,R1Y5,Y05,Y12,1274,1179,Miami FL,Drake
2023,R1Y6,Y06,Y11,1235,,Iowa St,
2023,R1Y7,Y07,Y10,1401,1336,Texas A&M,Penn St
2023,R1Y8,Y08,Y09,1234,1120,Iowa,Auburn
2023,R1Z1,Z01,Z16,1242,1224,Kansas,Howard
2023,R1Z2,Z02,Z15,1417,1421,UCLA,UNC Asheville
2023,R1Z3,Z03,Z14,1211,1213,Gonzaga,Grand Canyon
2023,R1Z4,Z04,Z13,1163,1233,Connecticut,Iona
2023,R1Z5,Z05,Z12,1388,1433,St Mary's CA,VCU
2023,R1Z6,Z06,Z11,1395,,TCU,
2023,R1Z7,Z07,Z10,1321,1129,Northwestern,Boise St
2023,R1Z8,Z08,Z09,1116,1228,Arkansas,Illinois
2023,W16,W16a,W16b,1192,1411,F Dickinson,TX Southern
2023,X16,X16a,X16b,1369,1394,SE Missouri St,TAM C. Christi
2023,Y11,Y11a,Y11b,1280,1338,Mississippi St,Pittsburgh
2023,Z11,Z11a,Z11b,1113,1305,Arizona St,Nevada
2024,R1W1,W01,W16,1163,1391,Connecticut,Stetson
2024,R1W2,W02,W15,1235,1355,Iowa St,S Dakota St
2024,R1W3,W03,W14,1228,1287,Illinois,Morehead St
2024,R1W4,W04,W13,1120,1463,Auburn,Yale
2024,R1W5,W05,W12,1361,1412,San Diego St,UAB
2024,R1W6,W06,W11,1140,1182,BYU,Duquesne
2024,R1W7,W07,W10,1450,1179,Washington St,Drake
2024,R1W8,W08,W09,1194,1321,FL Atlantic,Northwestern
2024,R1X1,X01,X16,1314,,North Carolina,
2024,R1X2,X02,X15,1112,1253,Arizona,Long Beach St
2024,R1X3,X03,X14,1124,1159,Baylor,Colgate
2024,R1X4,X04,X13,1104,1158,Alabama,Col Charleston
2024,R1X5,X05,X12,1388,1213,St Mary's CA,Grand Canyon
2024,R1X6,X06,X11,1155,1307,Clemson,New Mexico
2024,R1X7,X07,X10,1173,1305,Dayton,Nevada
2024,R1X8,X08,X09,1280,1277,Mississippi St,Michigan St
2024,R1Y1,Y01,Y16,1345,,Purdue,
2024,R1Y2,Y02,Y15,1397,1389,Tennessee,St Peter's
2024,R1Y3,Y03,Y14,1166,1103,Creighton,Akron
2024,R1Y4,Y04,Y13,1242,1359,Kansas,Samford
2024,R1Y5,Y05,Y12,1211,1270,Gonzaga,McNeese St
2024,R1Y6,Y06,Y11,1376,1332,South Carolina,Oregon
2024,R1Y7,Y07,Y10,1400,,Texas,
2024,R1Y8,Y08,Y09,1429,1395,Utah St,TCU
2024,R1Z1,Z01,Z16,1222,1255,Houston,Longwood
2024,R1Z2,Z02,Z15,1266,1443,Marquette,WKU
2024,R1Z3,Z03,Z14,1246,1324,Kentucky,Oakland
2024,R1Z4,Z04,Z13,1181,1436,Duke,Vermont
2024,R1Z5,Z05,Z12,1458,1241,Wisconsin,James Madison
2024,R1Z6,Z06,Z11,1403,1301,Texas Tech,NC State
2024,R1Z7,Z07,Z10,1196,,Florida,
2024,R1Z8,Z08,Z09,1304,1401,Nebraska,Texas A&M
2024,X16,X16a,X16b,1224,1447,Howard,Wagner
2024,Y10,Y10a,Y10b,1161,1438,Colorado St,Virginia
2024,Y16,Y16a,Y16b,1212,1286,Grambling,Montana St
2024,Z10,Z10a,Z10b,1129,1160,Boise St,Colorado
2025,R1W1,W01,W16,1181,,Duke,
2025,R1W2,W02,W15,1104,1352,Alabama,Robert Morris
2025,R1W3,W03,W14,1458,1285,Wisconsin,Montana
2025,R1W4,W04,W13,1112,1103,Arizona,Akron
2025,R1W5,W05,W12,1332,1251,Oregon,Liberty
2025,R1W6,W06,W11,1140,1433,BYU,VCU
2025,R1W7,W07,W10,1388,1435,St Mary's CA,Vanderbilt
2025,R1W8,W08,W09,1280,1124,Mississippi St,Baylor
2025,R1X1,X01,X16,1222,1188,Houston,SIUE
2025,R1X2,X02,X15,1397,1459,Tennessee,Wofford
2025,R1X3,X03,X14,1246,1407,Kentucky,Troy
2025,R1X4,X04,X13,1345,1219,Purdue,High Point
2025,R1X5,X05,X12,1155,1270,Clemson,McNeese St
2025,R1X6,X06,X11,1228,,Illinois,
2025,R1X7,X07,X10,1417,1429,UCLA,Utah St
2025,R1X8,X08,X09,1211,1208,Gonzaga,Georgia
2025,R1Y1,Y01,Y16,1120,,Auburn,
2025,R1Y2,Y02,Y15,1277,1136,Michigan St,Bryant
2025,R1Y3,Y03,Y14,1235,1252,Iowa St,Lipscomb
2025,R1Y4,Y04,Y13,1401,1463,Texas A&M,Yale
2025,R1Y5,Y05,Y12,1276,1471,Michigan,UC San Diego
2025,R1Y6,Y06,Y11,1279,,Mississippi,
2025,R1Y7,Y07,Y10,1266,1307,Marquette,New Mexico
2025,R1Y8,Y08,Y09,1257,1166,Louisville,Creighton
2025,R1Z1,Z01,Z16,1196,1313,Florida,Norfolk St
2025,R1Z2,Z02,Z15,1385,1303,St John's,NE Omaha
2025,R1Z3,Z03,Z14,1403,1423,Texas Tech,UNC Wilmington
2025,R1Z4,Z04,Z13,1268,1213,Maryland,Grand Canyon
2025,R1Z5,Z05,Z12,1272,1161,Memphis,Colorado St
2025,R1Z6,Z06,Z11,1281,1179,Missouri,Drake
2025,R1Z7,Z07,Z10,1242,1116,Kansas,Arkansas
2025,R1Z8,Z08,Z09,1163,1328,Connecticut,Oklahoma
2025,W16,W16a,W16b,1110,1291,American Univ,Mt St Mary's
2025,X11,X11a,X11b,1400,1462,Texas,Xavier
2025,Y11,Y11a,Y11b,1314,1361,North Carolina,San Diego St
2025,Y16,Y16a,Y16b,1106,1384,Alabama St,St Francis PA
